"No.","Time","Source","Destination","Protocol","Length","Info"
"6","0.071478","2a06:c701:49af:6700:cca5:69f0:274a:4fd9","2001:67c:4e8:f004::9","TLSv1.2","191","Application Data"
"12","0.113510","2001:67c:4e8:f004::9","2a06:c701:49af:6700:cca5:69f0:274a:4fd9","TLSv1.2","187","Application Data"
"23","0.182373","2001:67c:4e8:f004::9","2a06:c701:49af:6700:cca5:69f0:274a:4fd9","TLSv1.2","187","Application Data"
"34","0.263918","2a06:c701:49af:6700:cca5:69f0:274a:4fd9","2606:4700:7::a29f:81eb","TLSv1.2","161","Application Data"
"45","0.407827","2a06:c701:49af:6700:cca5:69f0:274a:4fd9","2001:67c:4e8:f004::9","TLSv1.2","529","Application Data"
"49","0.530617","2001:67c:4e8:f004::9","2a06:c701:49af:6700:cca5:69f0:274a:4fd9","TLSv1.2","253","Application Data"
"93","1.424620","2a06:c701:49af:6700:cca5:69f0:274a:4fd9","2001:67c:4e8:f004::9","TLSv1.2","241","Application Data"
"108","1.578020","2001:67c:4e8:f004::9","2a06:c701:49af:6700:cca5:69f0:274a:4fd9","TLSv1.2","187","Application Data"
"145","2.312652","2a06:c701:49af:6700:cca5:69f0:274a:4fd9","2001:67c:4e8:f004::9","TLSv1.2","273","Application Data"
"184","2.670038","2001:67c:4e8:f004::9","2a06:c701:49af:6700:cca5:69f0:274a:4fd9","TLSv1.2","219","Application Data"
"235","3.199033","2a06:c701:49af:6700:cca5:69f0:274a:4fd9","2001:67c:4e8:f004::9","TLSv1.2","257","Application Data"
"242","3.295280","2001:67c:4e8:f004::9","2a06:c701:49af:6700:cca5:69f0:274a:4fd9","TLSv1.2","187","Application Data"
"408","4.352492","2a06:c701:49af:6700:cca5:69f0:274a:4fd9","2001:67c:4e8:f004::9","TLSv1.2","241","Application Data"
"416","4.450961","2a06:c701:49af:6700:cca5:69f0:274a:4fd9","2001:67c:4e8:f004::9","TLSv1.2","207","Application Data"
"422","4.475363","2001:67c:4e8:f004::9","2a06:c701:49af:6700:cca5:69f0:274a:4fd9","TLSv1.2","187","Application Data"
"432","4.590025","2001:67c:4e8:f004::9","2a06:c701:49af:6700:cca5:69f0:274a:4fd9","TLSv1.2","187","Application Data"
"465","5.165175","2a06:c701:49af:6700:cca5:69f0:274a:4fd9","2001:67c:4e8:f004::9","TLSv1.2","305","Application Data"
"476","5.378766","2001:67c:4e8:f004::9","2a06:c701:49af:6700:cca5:69f0:274a:4fd9","TLSv1.2","429","Application Data"
"507","6.130212","2a06:c701:49af:6700:cca5:69f0:274a:4fd9","2001:67c:4e8:f004::9","TLSv1.2","273","Application Data"
"515","6.244014","2001:67c:4e8:f004::9","2a06:c701:49af:6700:cca5:69f0:274a:4fd9","TLSv1.2","187","Application Data"
"516","6.246272","2a06:c701:49af:6700:cca5:69f0:274a:4fd9","2001:67c:4e8:f004::9","TLSv1.2","273","Application Data"
"519","6.298348","2a06:c701:49af:6700:cca5:69f0:274a:4fd9","2001:67c:4e8:f004::9","TLSv1.2","191","Application Data"
"522","6.371882","2001:67c:4e8:f004::9","2a06:c701:49af:6700:cca5:69f0:274a:4fd9","TLSv1.2","493","Application Data"
"525","6.392139","2a06:c701:49af:6700:cca5:69f0:274a:4fd9","2001:67c:4e8:f004::9","TLSv1.2","305","Application Data"
"526","6.395734","2001:67c:4e8:f004::9","2a06:c701:49af:6700:cca5:69f0:274a:4fd9","TLSv1.2","187","Application Data"
"552","6.595761","2001:67c:4e8:f004::9","2a06:c701:49af:6700:cca5:69f0:274a:4fd9","TLSv1.2","445","Application Data"
"576","7.359170","2a06:c701:49af:6700:cca5:69f0:274a:4fd9","2001:67c:4e8:f004::9","TLSv1.2","273","Application Data"
"580","7.401574","2a06:c701:49af:6700:cca5:69f0:274a:4fd9","2001:67c:4e8:f004::9","TLSv1.2","241","Application Data"
"586","7.457990","2a06:c701:49af:6700:cca5:69f0:274a:4fd9","2001:67c:4e8:f004::9","TLSv1.2","207","Application Data"
"591","7.472545","2001:67c:4e8:f004::9","2a06:c701:49af:6700:cca5:69f0:274a:4fd9","TLSv1.2","187","Application Data"
"593","7.477884","2a06:c701:49af:6700:cca5:69f0:274a:4fd9","2001:67c:4e8:f004::9","TLSv1.2","273","Application Data"
"601","7.585528","2001:67c:4e8:f004::9","2a06:c701:49af:6700:cca5:69f0:274a:4fd9","TLSv1.2","600","Application Data"
"604","7.598512","2001:67c:4e8:f004::9","2a06:c701:49af:6700:cca5:69f0:274a:4fd9","TLSv1.2","509","Application Data"
"650","8.371553","2a06:c701:49af:6700:cca5:69f0:274a:4fd9","2001:67c:4e8:f004::9","TLSv1.2","289","Application Data"
"656","8.478291","2001:67c:4e8:f004::9","2a06:c701:49af:6700:cca5:69f0:274a:4fd9","TLSv1.2","187","Application Data"
"657","8.480600","2a06:c701:49af:6700:cca5:69f0:274a:4fd9","2001:67c:4e8:f004::9","TLSv1.2","273","Application Data"
"667","8.628838","2001:67c:4e8:f004::9","2a06:c701:49af:6700:cca5:69f0:274a:4fd9","TLSv1.2","509","Application Data"
"682","8.809552","2a06:c701:49af:6700:cca5:69f0:274a:4fd9","2a00:1450:4028:803::200d","QUIC","1292","Initial, DCID=fc9bdcd2b3cf1a93, PKN: 1, CRYPTO, PADDING, CRYPTO, PADDING, CRYPTO, CRYPTO, CRYPTO, PADDING, CRYPTO, PADDING, CRYPTO"
"726","8.883716","2a00:1450:4028:803::200d","2a06:c701:49af:6700:cca5:69f0:274a:4fd9","QUIC","1292","Protected Payload (KP0)"
"800","9.114445","2a06:c701:49af:6700:cca5:69f0:274a:4fd9","2001:67c:4e8:f004::9","TLSv1.2","305","Application Data"
"825","9.323092","2001:67c:4e8:f004::9","2a06:c701:49af:6700:cca5:69f0:274a:4fd9","TLSv1.2","445","Application Data"
"835","9.411538","2a06:c701:49af:6700:cca5:69f0:274a:4fd9","2001:67c:4e8:f004::9","TLSv1.2","257","Application Data"
"852","9.514800","2001:67c:4e8:f004::9","2a06:c701:49af:6700:cca5:69f0:274a:4fd9","TLSv1.2","187","Application Data"
"876","9.794476","2a06:c701:49af:6700:cca5:69f0:274a:4fd9","2606:4700:7::a29f:81eb","TLSv1.2","135","Application Data"
"878","9.804547","2606:4700:7::a29f:81eb","2a06:c701:49af:6700:cca5:69f0:274a:4fd9","TLSv1.2","131","Application Data"
"892","9.906431","10.0.0.3","162.159.136.234","TLSv1.2","108","Application Data"
"908","10.070310","162.159.136.234","10.0.0.3","TLSv1.2","87","Application Data"
"909","10.093677","2a06:c701:49af:6700:cca5:69f0:274a:4fd9","2001:67c:4e8:f004::9","TLSv1.2","273","Application Data"
"923","10.203399","2001:67c:4e8:f004::9","2a06:c701:49af:6700:cca5:69f0:274a:4fd9","TLSv1.2","187","Application Data"
"924","10.205534","2a06:c701:49af:6700:cca5:69f0:274a:4fd9","2001:67c:4e8:f004::9","TLSv1.2","273","Application Data"
"934","10.315303","2001:67c:4e8:f004::9","2a06:c701:49af:6700:cca5:69f0:274a:4fd9","TLSv1.2","509","Application Data"
"939","10.364219","2a06:c701:49af:6700:cca5:69f0:274a:4fd9","2001:67c:4e8:f004::9","TLSv1.2","305","Application Data"
"953","10.455623","2a06:c701:49af:6700:cca5:69f0:274a:4fd9","2001:67c:4e8:f004::9","TLSv1.2","207","Application Data"
"958","10.551263","2001:67c:4e8:f004::9","2a06:c701:49af:6700:cca5:69f0:274a:4fd9","TLSv1.2","493","Application Data"
"959","10.559273","2001:67c:4e8:f004::9","2a06:c701:49af:6700:cca5:69f0:274a:4fd9","TLSv1.2","187","Application Data"
"1016","11.328412","2a06:c701:49af:6700:cca5:69f0:274a:4fd9","2001:67c:4e8:f004::9","TLSv1.2","289","Application Data"
"1032","11.437272","2001:67c:4e8:f004::9","2a06:c701:49af:6700:cca5:69f0:274a:4fd9","TLSv1.2","187","Application Data"
"1033","11.439336","2a06:c701:49af:6700:cca5:69f0:274a:4fd9","2001:67c:4e8:f004::9","TLSv1.2","273","Application Data"
"1036","11.550402","2001:67c:4e8:f004::9","2a06:c701:49af:6700:cca5:69f0:274a:4fd9","TLSv1.2","509","Application Data"
"1059","11.821377","2a06:c701:49af:6700:cca5:69f0:274a:4fd9","2a00:1450:4028:803::2004","QUIC","1292","Initial, DCID=c69a830562463fbb, PKN: 1, CRYPTO, CRYPTO, PADDING, CRYPTO"
"1081","11.893365","2a00:1450:4028:803::2004","2a06:c701:49af:6700:cca5:69f0:274a:4fd9","QUIC","1292","Protected Payload (KP0)"
"1131","12.217537","2a06:c701:49af:6700:cca5:69f0:274a:4fd9","2001:67c:4e8:f004::9","TLSv1.2","305","Application Data"
"1140","12.395635","2001:67c:4e8:f004::9","2a06:c701:49af:6700:cca5:69f0:274a:4fd9","TLSv1.2","429","Application Data"
"1159","12.520129","2a06:c701:49af:6700:cca5:69f0:274a:4fd9","2001:67c:4e8:f004::9","TLSv1.2","257","Application Data"
"1170","12.615783","2001:67c:4e8:f004::9","2a06:c701:49af:6700:cca5:69f0:274a:4fd9","TLSv1.2","187","Application Data"
"1211","13.127385","2a06:c701:49af:6700:cca5:69f0:274a:4fd9","2606:4700:7::a29f:82eb","TLSv1.2","135","Application Data"
"1214","13.143750","2606:4700:7::a29f:82eb","2a06:c701:49af:6700:cca5:69f0:274a:4fd9","TLSv1.2","131","Application Data"
"1216","13.171761","2a06:c701:49af:6700:cca5:69f0:274a:4fd9","2001:67c:4e8:f004::9","TLSv1.2","273","Application Data"
"1225","13.274765","2001:67c:4e8:f004::9","2a06:c701:49af:6700:cca5:69f0:274a:4fd9","TLSv1.2","187","Application Data"
"1226","13.276919","2a06:c701:49af:6700:cca5:69f0:274a:4fd9","2001:67c:4e8:f004::9","TLSv1.2","273","Application Data"
"1228","13.281872","2a06:c701:49af:6700:cca5:69f0:274a:4fd9","2001:67c:4e8:f004::9","TLSv1.2","223","Application Data"
"1242","13.395036","2001:67c:4e8:f004::9","2a06:c701:49af:6700:cca5:69f0:274a:4fd9","TLSv1.2","573","Application Data"
"1248","13.448095","2001:67c:4e8:f004::9","2a06:c701:49af:6700:cca5:69f0:274a:4fd9","TLSv1.2","429","Application Data"
"1249","13.455264","2a06:c701:49af:6700:cca5:69f0:274a:4fd9","2001:67c:4e8:f004::9","TLSv1.2","289","Application Data"
"1256","13.563275","2001:67c:4e8:f004::9","2a06:c701:49af:6700:cca5:69f0:274a:4fd9","TLSv1.2","187","Application Data"
"1342","14.234111","2a06:c701:49af:6700:cca5:69f0:274a:4fd9","2001:67c:4e8:f004::9","TLSv1.2","273","Application Data"
"1350","14.346286","2001:67c:4e8:f004::9","2a06:c701:49af:6700:cca5:69f0:274a:4fd9","TLSv1.2","187","Application Data"
"1351","14.348305","2a06:c701:49af:6700:cca5:69f0:274a:4fd9","2001:67c:4e8:f004::9","TLSv1.2","273","Application Data"
"1358","14.465021","2001:67c:4e8:f004::9","2a06:c701:49af:6700:cca5:69f0:274a:4fd9","TLSv1.2","493","Application Data"
"1361","14.492235","2a06:c701:49af:6700:cca5:69f0:274a:4fd9","2001:67c:4e8:f004::9","TLSv1.2","305","Application Data"
"1379","14.740045","2001:67c:4e8:f004::9","2a06:c701:49af:6700:cca5:69f0:274a:4fd9","TLSv1.2","445","Application Data"
"1499","15.403777","2a06:c701:49af:6700:cca5:69f0:274a:4fd9","2001:67c:4e8:f004::9","TLSv1.2","545","Application Data"
"1503","15.451601","2a06:c701:49af:6700:cca5:69f0:274a:4fd9","2001:67c:4e8:f004::9","TLSv1.2","207","Application Data"
"1520","15.519012","2001:67c:4e8:f004::9","2a06:c701:49af:6700:cca5:69f0:274a:4fd9","TLSv1.2","253","Application Data"
"1524","15.554148","2001:67c:4e8:f004::9","2a06:c701:49af:6700:cca5:69f0:274a:4fd9","TLSv1.2","187","Application Data"
"1527","15.556654","2a06:c701:49af:6700:cca5:69f0:274a:4fd9","2001:67c:4e8:f004::9","TLSv1.2","289","Application Data"
"1534","15.618669","2a06:c701:49af:6700:cca5:69f0:274a:4fd9","2001:67c:4e8:f004::9","TLSv1.2","191","Application Data"
"1536","15.675596","2001:67c:4e8:f004::9","2a06:c701:49af:6700:cca5:69f0:274a:4fd9","TLSv1.2","509","Application Data"
"1537","15.676944","2a06:c701:49af:6700:cca5:69f0:274a:4fd9","2001:67c:4e8:f004::9","TLSv1.2","191","Application Data"
"1538","15.715364","2001:67c:4e8:f004::9","2a06:c701:49af:6700:cca5:69f0:274a:4fd9","TLSv1.2","187","Application Data"
"1540","15.808199","2001:67c:4e8:f004::9","2a06:c701:49af:6700:cca5:69f0:274a:4fd9","TLSv1.2","187","Application Data"
"1550","16.102649","162.159.136.234","10.0.0.3","TLSv1.2","98","Application Data"
"1568","16.452786","2a06:c701:49af:6700:cca5:69f0:274a:4fd9","2001:67c:4e8:f004::9","TLSv1.2","289","Application Data"
"1578","16.565045","2001:67c:4e8:f004::9","2a06:c701:49af:6700:cca5:69f0:274a:4fd9","TLSv1.2","187","Application Data"
"1579","16.567240","2a06:c701:49af:6700:cca5:69f0:274a:4fd9","2001:67c:4e8:f004::9","TLSv1.2","273","Application Data"
"1601","16.678381","2001:67c:4e8:f004::9","2a06:c701:49af:6700:cca5:69f0:274a:4fd9","TLSv1.2","187","Application Data"
"1602","16.680210","2a06:c701:49af:6700:cca5:69f0:274a:4fd9","2001:67c:4e8:f004::9","TLSv1.2","273","Application Data"
"1610","16.832684","2001:67c:4e8:f004::9","2a06:c701:49af:6700:cca5:69f0:274a:4fd9","TLSv1.2","187","Application Data"
"1615","16.884357","2a06:c701:49af:6700:cca5:69f0:274a:4fd9","2001:67c:4e8:f004::9","TLSv1.2","241","Application Data"
"1620","16.993774","2001:67c:4e8:f004::9","2a06:c701:49af:6700:cca5:69f0:274a:4fd9","TLSv1.2","187","Application Data"
"1639","17.119249","2a06:c701:49af:6700:cca5:69f0:274a:4fd9","2a00:1450:4028:800::200a","QUIC","1292","Initial, DCID=2b32daab7ab49f6c, PKN: 1, CRYPTO, CRYPTO, PADDING, PING, CRYPTO, CRYPTO, CRYPTO, PING, PING, CRYPTO, CRYPTO, PADDING, PING, PADDING, PING, PADDING, PING, PING"
"1645","17.192040","2a00:1450:4028:800::200a","2a06:c701:49af:6700:cca5:69f0:274a:4fd9","QUIC","1292","Protected Payload (KP0)"
"1710","17.805867","2a06:c701:49af:6700:cca5:69f0:274a:4fd9","2001:67c:4e8:f004::9","TLSv1.3","711","Client Hello"
"1711","17.823214","10.0.0.3","34.117.201.170","QUIC","1292","Initial, DCID=a00e60d347c6769a, PKN: 1, PADDING, PING, CRYPTO, PADDING, CRYPTO, CRYPTO"
"1723","17.887628","10.0.0.3","34.117.201.170","TLSv1.3","654","Client Hello"
"1724","17.898084","34.117.201.170","10.0.0.3","QUIC","1292","Protected Payload (KP0)"
"1730","17.904075","2001:67c:4e8:f004::9","2a06:c701:49af:6700:cca5:69f0:274a:4fd9","TLSv1.3","334","Server Hello, Change Cipher Spec, Application Data, Application Data"
"1738","17.958782","2a06:c701:49af:6700:cca5:69f0:274a:4fd9","2001:67c:4e8:f004::9","TLSv1.3","154","Change Cipher Spec, Application Data"
"1740","17.959939","2a06:c701:49af:6700:cca5:69f0:274a:4fd9","2001:67c:4e8:f004::9","TLSv1.3","650","Application Data"
"1741","17.962215","34.117.201.170","10.0.0.3","TLSv1.3","266","Server Hello, Change Cipher Spec, Application Data"
"1742","17.962968","10.0.0.3","34.117.201.170","TLSv1.3","118","Change Cipher Spec, Application Data"
"1746","17.971236","34.117.201.170","10.0.0.3","TLSv1.3","640","Application Data, Application Data"
"1754","18.029784","10.0.0.3","149.154.167.99","TLSv1.3","691","Client Hello"
"1755","18.051318","2001:67c:4e8:f004::9","2a06:c701:49af:6700:cca5:69f0:274a:4fd9","TLSv1.3","377","Application Data"
"1756","18.051813","2001:67c:4e8:f004::9","2a06:c701:49af:6700:cca5:69f0:274a:4fd9","TLSv1.3","316","Application Data"
"1758","18.054478","2a06:c701:49af:6700:cca5:69f0:274a:4fd9","2001:67c:4e8:f004::9","TLSv1.3","166","Application Data"
"1780","18.107893","149.154.167.99","10.0.0.3","TLSv1.3","1294","Server Hello, Change Cipher Spec, Application Data"
"1787","18.109814","149.154.167.99","10.0.0.3","TLSv1.3","420","Application Data, Application Data, Application Data"
"1789","18.111411","10.0.0.3","149.154.167.99","TLSv1.3","134","Change Cipher Spec, Application Data"
"1790","18.112213","10.0.0.3","149.154.167.99","TLSv1.3","630","Application Data"
"1806","18.157534","2a06:c701:49af:6700:cca5:69f0:274a:4fd9","2001:67c:4e8:f004::9","TLSv1.3","1506","Application Data [TCP segment of a reassembled PDU]"
"1822","18.172084","2a06:c701:49af:6700:cca5:69f0:274a:4fd9","2001:67c:4e8:f004::9","TLSv1.3","1506","Application Data [TCP segment of a reassembled PDU]"
"1830","18.181034","149.154.167.99","10.0.0.3","TLSv1.3","357","Application Data"
"1831","18.181282","149.154.167.99","10.0.0.3","TLSv1.3","357","Application Data"
"1833","18.183133","149.154.167.99","10.0.0.3","TLSv1.3","296","Application Data"
"1834","18.185944","10.0.0.3","149.154.167.99","TLSv1.3","146","Application Data"
"1836","18.186836","10.0.0.3","149.154.167.99","TLSv1.3","436","Application Data"
"1854","18.248926","2a06:c701:49af:6700:cca5:69f0:274a:4fd9","2001:67c:4e8:f004::9","TLSv1.3","1459","Application Data [TCP segment of a reassembled PDU]"
"1871","18.263404","2a06:c701:49af:6700:cca5:69f0:274a:4fd9","2001:67c:4e8:f004::9","TLSv1.3","1506","Application Data [TCP segment of a reassembled PDU]"
"1883","18.273005","149.154.167.99","10.0.0.3","TLSv1.3","183","Application Data"
"1888","18.275069","10.0.0.3","149.154.167.99","TLSv1.3","500","Application Data"
"1893","18.277614","2a06:c701:49af:6700:cca5:69f0:274a:4fd9","2001:67c:4e8:f004::9","TLSv1.3","527","Application Data"
"1921","18.346918","2a06:c701:49af:6700:cca5:69f0:274a:4fd9","2001:67c:4e8:f004::9","TLSv1.3","274","Application Data"
"1938","18.379565","149.154.167.99","10.0.0.3","TLSv1.3","249","Application Data"
"1951","18.405040","149.154.167.99","10.0.0.3","TLSv1.3","167","Application Data"
"1954","18.438100","2a06:c701:49af:6700:cca5:69f0:274a:4fd9","2001:67c:4e8:f004::9","TLSv1.2","273","Application Data"
"1966","18.467222","2001:67c:4e8:f004::9","2a06:c701:49af:6700:cca5:69f0:274a:4fd9","TLSv1.3","203","Application Data"
"1978","18.478428","2a06:c701:49af:6700:cca5:69f0:274a:4fd9","2001:67c:4e8:f004::9","TLSv1.3","728","Application Data"
"1990","18.478490","2a06:c701:49af:6700:cca5:69f0:274a:4fd9","2001:67c:4e8:f004::9","TLSv1.3","1090","Application Data, Application Data"
"2002","18.478658","2a06:c701:49af:6700:cca5:69f0:274a:4fd9","2001:67c:4e8:f004::9","TLSv1.3","1506","Application Data [TCP segment of a reassembled PDU]"
"2013","18.478658","2a06:c701:49af:6700:cca5:69f0:274a:4fd9","2001:67c:4e8:f004::9","TLSv1.3","1382","Application Data"
"2025","18.478729","2a06:c701:49af:6700:cca5:69f0:274a:4fd9","2001:67c:4e8:f004::9","TLSv1.3","1506","Application Data [TCP segment of a reassembled PDU]"
"2036","18.478729","2a06:c701:49af:6700:cca5:69f0:274a:4fd9","2001:67c:4e8:f004::9","TLSv1.3","638","Application Data"
"2038","18.543127","2001:67c:4e8:f004::9","2a06:c701:49af:6700:cca5:69f0:274a:4fd9","TLSv1.2","187","Application Data"
"2039","18.545194","2a06:c701:49af:6700:cca5:69f0:274a:4fd9","2001:67c:4e8:f004::9","TLSv1.2","273","Application Data"
"2105","18.718662","2a06:c701:49af:6700:cca5:69f0:274a:4fd9","2001:67c:4e8:f004::9","TLSv1.2","191","Application Data"
"2112","18.755072","2001:67c:4e8:f004::9","2a06:c701:49af:6700:cca5:69f0:274a:4fd9","TLSv1.3","269","Application Data"
"2113","18.772272","2001:67c:4e8:f004::9","2a06:c701:49af:6700:cca5:69f0:274a:4fd9","TLSv1.2","509","Application Data"
"2114","18.778578","2001:67c:4e8:f004::9","2a06:c701:49af:6700:cca5:69f0:274a:4fd9","TLSv1.3","187","Application Data"
"2118","18.781120","2a06:c701:49af:6700:cca5:69f0:274a:4fd9","2001:67c:4e8:f004::9","TLSv1.2","401","Application Data"
"2120","18.814369","2001:67c:4e8:f004::9","2a06:c701:49af:6700:cca5:69f0:274a:4fd9","TLSv1.2","187","Application Data"
"2130","19.075941","2001:67c:4e8:f004::9","2a06:c701:49af:6700:cca5:69f0:274a:4fd9","TLSv1.2","816","Application Data"
"2169","19.366888","2a06:c701:49af:6700:cca5:69f0:274a:4fd9","2001:67c:4e8:f004::9","TLSv1.3","337","Application Data"
"2191","19.572560","2001:67c:4e8:f004::9","2a06:c701:49af:6700:cca5:69f0:274a:4fd9","TLSv1.3","1506","Application Data [TCP segment of a reassembled PDU]"
"2200","19.574133","2001:67c:4e8:f004::9","2a06:c701:49af:6700:cca5:69f0:274a:4fd9","TLSv1.3","1406","Application Data"
"2227","19.820596","2a06:c701:49af:6700:cca5:69f0:274a:4fd9","2001:67c:4e8:f004::9","TLSv1.2","289","Application Data"
"2229","19.841278","2a06:c701:49af:6700:cca5:69f0:274a:4fd9","2001:67c:4e8:f004::9","TLSv1.2","207","Application Data"
"2232","19.948374","2001:67c:4e8:f004::9","2a06:c701:49af:6700:cca5:69f0:274a:4fd9","TLSv1.2","253","Application Data"
"2233","19.950871","2a06:c701:49af:6700:cca5:69f0:274a:4fd9","2001:67c:4e8:f004::9","TLSv1.2","289","Application Data"
"2234","19.954195","2001:67c:4e8:f004::9","2a06:c701:49af:6700:cca5:69f0:274a:4fd9","TLSv1.2","187","Application Data"
"2236","20.063782","2001:67c:4e8:f004::9","2a06:c701:49af:6700:cca5:69f0:274a:4fd9","TLSv1.2","880","Application Data"
"2283","20.869511","2a06:c701:49af:6700:cca5:69f0:274a:4fd9","2001:67c:4e8:f004::9","TLSv1.2","305","Application Data"
"2295","21.044846","2001:67c:4e8:f004::9","2a06:c701:49af:6700:cca5:69f0:274a:4fd9","TLSv1.2","445","Application Data"
"2354","21.817999","2a06:c701:49af:6700:cca5:69f0:274a:4fd9","2001:67c:4e8:f004::9","TLSv1.2","257","Application Data"
"2356","21.835703","2a06:c701:49af:6700:cca5:69f0:274a:4fd9","2001:67c:4e8:f004::9","TLSv1.2","207","Application Data"
"2363","21.918512","2001:67c:4e8:f004::9","2a06:c701:49af:6700:cca5:69f0:274a:4fd9","TLSv1.2","187","Application Data"
"2365","21.946304","2001:67c:4e8:f004::9","2a06:c701:49af:6700:cca5:69f0:274a:4fd9","TLSv1.2","187","Application Data"
"2367","21.948257","2a06:c701:49af:6700:cca5:69f0:274a:4fd9","2001:67c:4e8:f004::9","TLSv1.2","289","Application Data"
"2371","22.032773","2a06:c701:49af:6700:cca5:69f0:274a:4fd9","2001:67c:4e8:f004::9","TLSv1.2","241","Application Data"
"2372","22.067895","2001:67c:4e8:f004::9","2a06:c701:49af:6700:cca5:69f0:274a:4fd9","TLSv1.2","509","Application Data"
"2382","22.218083","2001:67c:4e8:f004::9","2a06:c701:49af:6700:cca5:69f0:274a:4fd9","TLSv1.2","429","Application Data"
"2421","22.821863","2a06:c701:49af:6700:cca5:69f0:274a:4fd9","2001:67c:4e8:f004::9","TLSv1.2","289","Application Data"
"2427","22.935556","2001:67c:4e8:f004::9","2a06:c701:49af:6700:cca5:69f0:274a:4fd9","TLSv1.2","187","Application Data"
"2432","22.986808","2a06:c701:49af:6700:cca5:69f0:274a:4fd9","2001:67c:4e8:f004::9","TLSv1.2","273","Application Data"
"2437","23.090121","2001:67c:4e8:f004::9","2a06:c701:49af:6700:cca5:69f0:274a:4fd9","TLSv1.2","187","Application Data"
"2438","23.092180","2a06:c701:49af:6700:cca5:69f0:274a:4fd9","2001:67c:4e8:f004::9","TLSv1.2","273","Application Data"
"2442","23.204379","2001:67c:4e8:f004::9","2a06:c701:49af:6700:cca5:69f0:274a:4fd9","TLSv1.2","509","Application Data"
"2473","23.544498","2a06:c701:49af:6700:cca5:69f0:274a:4fd9","2606:4700:7::a29f:81eb","TLSv1.2","135","Application Data"
"2474","23.556106","2606:4700:7::a29f:81eb","2a06:c701:49af:6700:cca5:69f0:274a:4fd9","TLSv1.2","131","Application Data"
"2506","23.859115","2a06:c701:49af:6700:cca5:69f0:274a:4fd9","2001:67c:4e8:f004::9","TLSv1.2","305","Application Data"
"2520","24.097111","2001:67c:4e8:f004::9","2a06:c701:49af:6700:cca5:69f0:274a:4fd9","TLSv1.2","445","Application Data"
"2593","24.821651","2a06:c701:49af:6700:cca5:69f0:274a:4fd9","2001:67c:4e8:f004::9","TLSv1.2","273","Application Data"
"2610","24.926260","2a06:c701:49af:6700:cca5:69f0:274a:4fd9","2001:67c:4e8:f004::9","TLSv1.2","191","Application Data"
"2613","24.944852","2001:67c:4e8:f004::9","2a06:c701:49af:6700:cca5:69f0:274a:4fd9","TLSv1.2","187","Application Data"
"2614","24.946724","2a06:c701:49af:6700:cca5:69f0:274a:4fd9","2001:67c:4e8:f004::9","TLSv1.2","273","Application Data"
"2618","25.022373","2001:67c:4e8:f004::9","2a06:c701:49af:6700:cca5:69f0:274a:4fd9","TLSv1.2","187","Application Data"
"2622","25.062628","2001:67c:4e8:f004::9","2a06:c701:49af:6700:cca5:69f0:274a:4fd9","TLSv1.2","509","Application Data"
"2629","25.151998","2a06:c701:49af:6700:cca5:69f0:274a:4fd9","2001:67c:4e8:f004::9","TLSv1.2","305","Application Data"
"2638","25.249309","10.0.0.3","147.235.21.73","TLSv1.2","78","Application Data"
"2642","25.257885","147.235.21.73","10.0.0.3","TLSv1.2","78","Application Data"
"2650","25.273323","10.0.0.3","147.235.21.73","TLSv1.3","678","Client Hello"
"2652","25.288900","147.235.21.73","10.0.0.3","TLSv1.3","324","Server Hello, Change Cipher Spec, Application Data, Application Data"
"2654","25.289707","10.0.0.3","147.235.21.73","TLSv1.3","134","Change Cipher Spec, Application Data"
"2655","25.289817","10.0.0.3","147.235.21.73","TLSv1.3","153","Application Data"
"2660","25.310281","147.235.21.73","10.0.0.3","TLSv1.3","357","Application Data"
"2663","25.314666","147.235.21.73","10.0.0.3","TLSv1.3","570","Application Data"
"2668","25.354801","2001:67c:4e8:f004::9","2a06:c701:49af:6700:cca5:69f0:274a:4fd9","TLSv1.2","429","Application Data"
"2708","25.827340","2a06:c701:49af:6700:cca5:69f0:274a:4fd9","2001:67c:4e8:f004::9","TLSv1.2","273","Application Data"
"2716","25.936800","2001:67c:4e8:f004::9","2a06:c701:49af:6700:cca5:69f0:274a:4fd9","TLSv1.2","187","Application Data"
"2724","26.103414","2a06:c701:49af:6700:cca5:69f0:274a:4fd9","2001:67c:4e8:f004::9","TLSv1.2","273","Application Data"
"2727","26.205878","2001:67c:4e8:f004::9","2a06:c701:49af:6700:cca5:69f0:274a:4fd9","TLSv1.2","187","Application Data"
"2728","26.207944","2a06:c701:49af:6700:cca5:69f0:274a:4fd9","2001:67c:4e8:f004::9","TLSv1.2","273","Application Data"
"2731","26.321307","2001:67c:4e8:f004::9","2a06:c701:49af:6700:cca5:69f0:274a:4fd9","TLSv1.2","509","Application Data"
"2758","26.878142","2a06:c701:49af:6700:cca5:69f0:274a:4fd9","2606:4700:7::a29f:82eb","TLSv1.2","135","Application Data"
"2760","26.897296","2606:4700:7::a29f:82eb","2a06:c701:49af:6700:cca5:69f0:274a:4fd9","TLSv1.2","131","Application Data"
"2772","27.067168","2a06:c701:49af:6700:cca5:69f0:274a:4fd9","2001:67c:4e8:f004::9","TLSv1.2","305","Application Data"
"2786","27.352530","2001:67c:4e8:f004::9","2a06:c701:49af:6700:cca5:69f0:274a:4fd9","TLSv1.2","445","Application Data"
"2832","27.800839","2a06:c701:49af:6700:cca5:69f0:274a:4fd9","2600:1901:1:e52::","TLSv1.2","117","Application Data"
"2838","27.870307","2600:1901:1:e52::","2a06:c701:49af:6700:cca5:69f0:274a:4fd9","TLSv1.2","114","Application Data"
"2846","28.026619","2a06:c701:49af:6700:cca5:69f0:274a:4fd9","2001:67c:4e8:f004::9","TLSv1.2","273","Application Data"
"2847","28.026797","2a06:c701:49af:6700:cca5:69f0:274a:4fd9","2001:67c:4e8:f004::9","TLSv1.2","191","Application Data"
"2852","28.123811","2001:67c:4e8:f004::9","2a06:c701:49af:6700:cca5:69f0:274a:4fd9","TLSv1.2","253","Application Data"
"2853","28.129379","2001:67c:4e8:f004::9","2a06:c701:49af:6700:cca5:69f0:274a:4fd9","TLSv1.2","187","Application Data"
"2855","28.131625","2a06:c701:49af:6700:cca5:69f0:274a:4fd9","2001:67c:4e8:f004::9","TLSv1.2","289","Application Data"
"2866","28.273328","2001:67c:4e8:f004::9","2a06:c701:49af:6700:cca5:69f0:274a:4fd9","TLSv1.2","509","Application Data"
"2879","28.456762","2a06:c701:49af:6700:cca5:69f0:274a:4fd9","2001:67c:4e8:f004::9","TLSv1.2","305","Application Data"
"2896","28.643133","2001:67c:4e8:f004::9","2a06:c701:49af:6700:cca5:69f0:274a:4fd9","TLSv1.2","429","Application Data"
"2907","28.826287","2a06:c701:49af:6700:cca5:69f0:274a:4fd9","2001:67c:4e8:f004::9","TLSv1.2","273","Application Data"
"2915","28.931129","2001:67c:4e8:f004::9","2a06:c701:49af:6700:cca5:69f0:274a:4fd9","TLSv1.2","187","Application Data"
"2928","29.414959","2a06:c701:49af:6700:cca5:69f0:274a:4fd9","2001:67c:4e8:f004::9","TLSv1.2","273","Application Data"
"2934","29.522557","2001:67c:4e8:f004::9","2a06:c701:49af:6700:cca5:69f0:274a:4fd9","TLSv1.2","187","Application Data"
"2935","29.524914","2a06:c701:49af:6700:cca5:69f0:274a:4fd9","2001:67c:4e8:f004::9","TLSv1.2","273","Application Data"
"2943","29.710211","2001:67c:4e8:f004::9","2a06:c701:49af:6700:cca5:69f0:274a:4fd9","TLSv1.2","509","Application Data"
"2975","30.312800","2a06:c701:49af:6700:cca5:69f0:274a:4fd9","2001:67c:4e8:f004::9","TLSv1.2","305","Application Data"
"2981","30.407711","2a06:c701:49af:6700:cca5:69f0:274a:4fd9","2001:67c:4e8:f004::9","TLSv1.2","513","Application Data"
"2986","30.565775","2001:67c:4e8:f004::9","2a06:c701:49af:6700:cca5:69f0:274a:4fd9","TLSv1.2","317","Application Data"
"2994","30.587879","2001:67c:4e8:f004::9","2a06:c701:49af:6700:cca5:69f0:274a:4fd9","TLSv1.2","445","Application Data"
"3005","31.126391","2a06:c701:49af:6700:cca5:69f0:274a:4fd9","2001:67c:4e8:f004::9","TLSv1.2","273","Application Data"
"3012","31.222282","2001:67c:4e8:f004::9","2a06:c701:49af:6700:cca5:69f0:274a:4fd9","TLSv1.2","187","Application Data"
"3015","31.282620","2a06:c701:49af:6700:cca5:69f0:274a:4fd9","2001:67c:4e8:f004::9","TLSv1.2","273","Application Data"
"3022","31.399618","2001:67c:4e8:f004::9","2a06:c701:49af:6700:cca5:69f0:274a:4fd9","TLSv1.2","187","Application Data"
"3023","31.401846","2a06:c701:49af:6700:cca5:69f0:274a:4fd9","2001:67c:4e8:f004::9","TLSv1.2","273","Application Data"
"3024","31.439956","2a06:c701:49af:6700:cca5:69f0:274a:4fd9","2001:67c:4e8:f004::9","TLSv1.2","223","Application Data"
"3026","31.530447","2001:67c:4e8:f004::9","2a06:c701:49af:6700:cca5:69f0:274a:4fd9","TLSv1.2","509","Application Data"
"3035","31.631585","2001:67c:4e8:f004::9","2a06:c701:49af:6700:cca5:69f0:274a:4fd9","TLSv1.2","429","Application Data"
"3049","31.827578","2a06:c701:49af:6700:cca5:69f0:274a:4fd9","2001:67c:4e8:f004::9","TLSv1.2","289","Application Data"
"3057","31.943016","2001:67c:4e8:f004::9","2a06:c701:49af:6700:cca5:69f0:274a:4fd9","TLSv1.2","187","Application Data"
"3058","31.943481","10.0.0.3","72.25.64.32","TLSv1.2","258","Client Hello"
"3074","32.166095","72.25.64.32","10.0.0.3","TLSv1.2","347","Server Hello, Certificate"
"3076","32.166789","72.25.64.32","10.0.0.3","TLSv1.2","396","Server Key Exchange, Server Hello Done"
"3077","32.168415","10.0.0.3","72.25.64.32","TLSv1.2","236","Client Key Exchange, Change Cipher Spec, Encrypted Handshake Message"
"3087","32.377669","72.25.64.32","10.0.0.3","TLSv1.2","60","Change Cipher Spec"
"3088","32.378129","72.25.64.32","10.0.0.3","TLSv1.2","155","Encrypted Handshake Message"
"3090","32.382949","10.0.0.3","72.25.64.32","TLSv1.2","992","Application Data, Application Data"
"3091","32.402738","2a06:c701:49af:6700:cca5:69f0:274a:4fd9","2001:67c:4e8:f004::9","TLSv1.2","273","Application Data"
"3095","32.513861","2001:67c:4e8:f004::9","2a06:c701:49af:6700:cca5:69f0:274a:4fd9","TLSv1.2","187","Application Data"
"3096","32.516204","2a06:c701:49af:6700:cca5:69f0:274a:4fd9","2001:67c:4e8:f004::9","TLSv1.2","273","Application Data"
"3101","32.592548","72.25.64.32","10.0.0.3","TLSv1.2","443","Application Data"
"3102","32.592955","10.0.0.3","72.25.64.32","TLSv1.2","139","Encrypted Alert"
"3104","32.593694","72.25.64.32","10.0.0.3","TLSv1.2","139","Encrypted Alert"
"3109","32.678200","2001:67c:4e8:f004::9","2a06:c701:49af:6700:cca5:69f0:274a:4fd9","TLSv1.2","509","Application Data"
"3119","32.844852","2a06:c701:49af:6700:cca5:69f0:274a:4fd9","2001:67c:4e8:f004::9","TLSv1.2","305","Application Data"
"3126","32.929923","10.0.0.3","68.232.34.52","TLSv1.2","236","Client Hello"
"3138","33.001622","68.232.34.52","10.0.0.3","TLSv1.2","1465","Server Hello"
"3141","33.005245","68.232.34.52","10.0.0.3","TLSv1.2","1231","Certificate, Certificate Status, Server Key Exchange, Server Hello Done"
"3142","33.007493","10.0.0.3","68.232.34.52","TLSv1.2","180","Client Key Exchange, Change Cipher Spec, Encrypted Handshake Message"
"3144","33.031687","2001:67c:4e8:f004::9","2a06:c701:49af:6700:cca5:69f0:274a:4fd9","TLSv1.2","445","Application Data"
"3146","33.076633","68.232.34.52","10.0.0.3","TLSv1.2","280","New Session Ticket, Change Cipher Spec, Encrypted Handshake Message"
"3147","33.079371","10.0.0.3","68.232.34.52","TLSv1.2","587","Application Data"
"3151","33.152093","68.232.34.52","10.0.0.3","TLSv1.2","1465","Application Data"
"3152","33.152399","68.232.34.52","10.0.0.3","TLSv1.2","1088","Application Data"
"3154","33.152492","68.232.34.52","10.0.0.3","TLSv1.2","85","Encrypted Alert"
"3155","33.153071","10.0.0.3","68.232.34.52","TLSv1.2","85","Encrypted Alert"
"3202","33.715554","2a06:c701:49af:6700:cca5:69f0:274a:4fd9","2001:67c:4e8:f004::9","TLSv1.2","241","Application Data"
"3207","33.824748","2a06:c701:49af:6700:cca5:69f0:274a:4fd9","2001:67c:4e8:f004::9","TLSv1.2","207","Application Data"
"3208","33.825895","2001:67c:4e8:f004::9","2a06:c701:49af:6700:cca5:69f0:274a:4fd9","TLSv1.2","187","Application Data"
"3212","33.947282","2001:67c:4e8:f004::9","2a06:c701:49af:6700:cca5:69f0:274a:4fd9","TLSv1.2","187","Application Data"
"3213","33.949531","2a06:c701:49af:6700:cca5:69f0:274a:4fd9","2001:67c:4e8:f004::9","TLSv1.2","289","Application Data"
"3220","34.065031","2001:67c:4e8:f004::9","2a06:c701:49af:6700:cca5:69f0:274a:4fd9","TLSv1.2","509","Application Data"
"3232","34.226225","2a06:c701:49af:6700:cca5:69f0:274a:4fd9","2001:67c:4e8:f004::9","TLSv1.2","257","Application Data"
"3235","34.322275","2001:67c:4e8:f004::9","2a06:c701:49af:6700:cca5:69f0:274a:4fd9","TLSv1.2","187","Application Data"
"3258","34.376776","10.0.0.3","72.25.64.32","TLSv1.2","258","Client Hello"
"3277","34.598628","72.25.64.32","10.0.0.3","TLSv1.2","347","Server Hello, Certificate"
"3279","34.600209","72.25.64.32","10.0.0.3","TLSv1.2","396","Server Key Exchange, Server Hello Done"
"3280","34.601552","10.0.0.3","72.25.64.32","TLSv1.2","236","Client Key Exchange, Change Cipher Spec, Encrypted Handshake Message"
"3294","34.700533","2a06:c701:49af:6700:cca5:69f0:274a:4fd9","2001:67c:4e8:f004::9","TLSv1.2","241","Application Data"
"3302","34.821157","2a06:c701:49af:6700:cca5:69f0:274a:4fd9","2001:67c:4e8:f004::9","TLSv1.2","207","Application Data"
"3305","34.862033","2001:67c:4e8:f004::9","2a06:c701:49af:6700:cca5:69f0:274a:4fd9","TLSv1.2","187","Application Data"
"3308","34.928784","2001:67c:4e8:f004::9","2a06:c701:49af:6700:cca5:69f0:274a:4fd9","TLSv1.2","187","Application Data"
"3355","35.432565","2a06:c701:49af:6700:cca5:69f0:274a:4fd9","2001:67c:4e8:f004::9","TLSv1.3","728","Application Data"
"3367","35.432697","2a06:c701:49af:6700:cca5:69f0:274a:4fd9","2001:67c:4e8:f004::9","TLSv1.3","1506","Application Data [TCP segment of a reassembled PDU]"
"3378","35.432697","2a06:c701:49af:6700:cca5:69f0:274a:4fd9","2001:67c:4e8:f004::9","TLSv1.3","1506","Application Data [TCP segment of a reassembled PDU]"
"3390","35.432697","2a06:c701:49af:6700:cca5:69f0:274a:4fd9","2001:67c:4e8:f004::9","TLSv1.3","1087","Application Data, Application Data"
"3402","35.432831","2a06:c701:49af:6700:cca5:69f0:274a:4fd9","2001:67c:4e8:f004::9","TLSv1.3","728","Application Data"
"3408","35.432882","2a06:c701:49af:6700:cca5:69f0:274a:4fd9","2001:67c:4e8:f004::9","TLSv1.3","493","Application Data"
"3410","35.432886","10.0.0.3","149.154.167.99","TLSv1.3","532","Application Data"
"3461","35.679292","72.25.64.32","10.0.0.3","TLSv1.2","60","Change Cipher Spec"
"3465","35.683188","149.154.167.99","10.0.0.3","TLSv1.3","167","Application Data"
"3476","35.741848","2001:67c:4e8:f004::9","2a06:c701:49af:6700:cca5:69f0:274a:4fd9","TLSv1.3","187","Application Data"
"3477","35.745274","2a06:c701:49af:6700:cca5:69f0:274a:4fd9","2001:67c:4e8:f004::9","TLSv1.2","401","Application Data"
"3508","35.949826","2001:67c:4e8:f004::9","2a06:c701:49af:6700:cca5:69f0:274a:4fd9","TLSv1.2","800","Application Data"
"3509","35.971476","2a06:c701:49af:6700:cca5:69f0:274a:4fd9","2001:67c:4e8:f004::9","TLSv1.3","321","Application Data"
"3515","36.030281","72.25.64.32","10.0.0.3","TLSv1.2","155","Encrypted Handshake Message"
"3516","36.031093","10.0.0.3","72.25.64.32","TLSv1.2","1200","Application Data, Application Data"
"3531","36.183418","2001:67c:4e8:f004::9","2a06:c701:49af:6700:cca5:69f0:274a:4fd9","TLSv1.3","1032","Application Data"
"3551","36.259166","72.25.64.32","10.0.0.3","TLSv1.2","443","Application Data"
"3553","36.259578","10.0.0.3","72.25.64.32","TLSv1.2","139","Encrypted Alert"
"3557","36.262293","72.25.64.32","10.0.0.3","TLSv1.2","139","Encrypted Alert"
"3572","36.455760","2a06:c701:49af:6700:cca5:69f0:274a:4fd9","2001:67c:4e8:f004::9","TLSv1.2","273","Application Data"
"3581","36.510476","10.0.0.3","72.25.64.32","TLSv1.2","258","Client Hello"
"3588","36.559315","2001:67c:4e8:f004::9","2a06:c701:49af:6700:cca5:69f0:274a:4fd9","TLSv1.2","187","Application Data"
"3589","36.561121","2a06:c701:49af:6700:cca5:69f0:274a:4fd9","2001:67c:4e8:f004::9","TLSv1.2","273","Application Data"
"3600","36.677322","2001:67c:4e8:f004::9","2a06:c701:49af:6700:cca5:69f0:274a:4fd9","TLSv1.2","864","Application Data"
"3623","36.957020","72.25.64.32","10.0.0.3","TLSv1.2","677","Server Hello, Certificate"
"3625","36.958119","72.25.64.32","10.0.0.3","TLSv1.2","396","Server Key Exchange, Server Hello Done"
"3626","36.959295","10.0.0.3","72.25.64.32","TLSv1.2","236","Client Key Exchange, Change Cipher Spec, Encrypted Handshake Message"
"3632","37.170367","72.25.64.32","10.0.0.3","TLSv1.2","60","Change Cipher Spec"
"3633","37.171138","72.25.64.32","10.0.0.3","TLSv1.2","155","Encrypted Handshake Message"
"3635","37.172020","10.0.0.3","72.25.64.32","TLSv1.2","331","Application Data"
"3636","37.172030","10.0.0.3","72.25.64.32","TLSv1.2","731","Application Data"
"3646","37.295343","2a06:c701:49af:6700:cca5:69f0:274a:4fd9","2606:4700:7::a29f:81eb","TLSv1.2","135","Application Data"
"3648","37.326646","2a06:c701:49af:6700:cca5:69f0:274a:4fd9","2001:67c:4e8:f004::9","TLSv1.2","257","Application Data"
"3649","37.327663","2606:4700:7::a29f:81eb","2a06:c701:49af:6700:cca5:69f0:274a:4fd9","TLSv1.2","131","Application Data"
"3670","37.397305","72.25.64.32","10.0.0.3","TLSv1.2","443","Application Data"
"3671","37.397643","72.25.64.32","10.0.0.3","TLSv1.2","139","Encrypted Alert"
"3673","37.397801","10.0.0.3","72.25.64.32","TLSv1.2","139","Encrypted Alert"
"3679","37.436400","2001:67c:4e8:f004::9","2a06:c701:49af:6700:cca5:69f0:274a:4fd9","TLSv1.2","187","Application Data"
"3700","37.659568","2a06:c701:49af:6700:cca5:69f0:274a:4fd9","2001:67c:4e8:f004::9","TLSv1.2","305","Application Data"
"3717","37.826681","2a06:c701:49af:6700:cca5:69f0:274a:4fd9","2001:67c:4e8:f004::9","TLSv1.2","207","Application Data"
"3745","38.006085","2001:67c:4e8:f004::9","2a06:c701:49af:6700:cca5:69f0:274a:4fd9","TLSv1.2","493","Application Data"
"3748","38.043030","2001:67c:4e8:f004::9","2a06:c701:49af:6700:cca5:69f0:274a:4fd9","TLSv1.2","187","Application Data"
"3787","38.407334","2a06:c701:49af:6700:cca5:69f0:274a:4fd9","2620:117:c004:392:107:167:125:189","TLSv1.2","591","Client Hello"
"3799","38.569024","2620:117:c004:392:107:167:125:189","2a06:c701:49af:6700:cca5:69f0:274a:4fd9","TLSv1.2","1506","Server Hello"
"3800","38.569242","2620:117:c004:392:107:167:125:189","2a06:c701:49af:6700:cca5:69f0:274a:4fd9","TLSv1.2","1329","Certificate, Server Key Exchange, Server Hello Done"
"3802","38.572347","2a06:c701:49af:6700:cca5:69f0:274a:4fd9","2620:117:c004:392:107:167:125:189","TLSv1.2","159","Client Key Exchange, Change Cipher Spec, Encrypted Handshake Message"
"3803","38.573245","2a06:c701:49af:6700:cca5:69f0:274a:4fd9","2620:117:c004:392:107:167:125:189","TLSv1.2","581","Application Data"
"3810","38.627949","2a06:c701:49af:6700:cca5:69f0:274a:4fd9","2001:67c:4e8:f004::9","TLSv1.2","289","Application Data"
"3811","38.670646","2a06:c701:49af:6700:cca5:69f0:274a:4fd9","2001:67c:4e8:f004::9","TLSv1.2","223","Application Data"
"3813","38.726931","2620:117:c004:392:107:167:125:189","2a06:c701:49af:6700:cca5:69f0:274a:4fd9","TLSv1.2","356","New Session Ticket, Change Cipher Spec, Encrypted Handshake Message"
"3815","38.729745","2620:117:c004:392:107:167:125:189","2a06:c701:49af:6700:cca5:69f0:274a:4fd9","TLSv1.2","1363","Application Data"
"3817","38.736077","2001:67c:4e8:f004::9","2a06:c701:49af:6700:cca5:69f0:274a:4fd9","TLSv1.2","187","Application Data"
"3819","38.742068","2a06:c701:49af:6700:cca5:69f0:274a:4fd9","2001:67c:4e8:f004::9","TLSv1.2","273","Application Data"
"3833","38.860511","10.0.0.3","20.199.120.85","TLSv1.2","155","Application Data"
"3834","38.865668","2001:67c:4e8:f004::9","2a06:c701:49af:6700:cca5:69f0:274a:4fd9","TLSv1.2","493","Application Data"
"3835","38.878579","2001:67c:4e8:f004::9","2a06:c701:49af:6700:cca5:69f0:274a:4fd9","TLSv1.2","509","Application Data"
"3837","38.931587","20.199.120.85","10.0.0.3","TLSv1.2","225","Application Data"
"3876","39.634429","2a06:c701:49af:6700:cca5:69f0:274a:4fd9","2001:67c:4e8:f004::9","TLSv1.2","289","Application Data"
"3891","39.739290","2001:67c:4e8:f004::9","2a06:c701:49af:6700:cca5:69f0:274a:4fd9","TLSv1.2","187","Application Data"
"3892","39.742153","2a06:c701:49af:6700:cca5:69f0:274a:4fd9","2001:67c:4e8:f004::9","TLSv1.2","273","Application Data"
"3898","39.852066","2001:67c:4e8:f004::9","2a06:c701:49af:6700:cca5:69f0:274a:4fd9","TLSv1.2","509","Application Data"
"3962","40.400380","2a06:c701:49af:6700:cca5:69f0:274a:4fd9","2001:67c:4e8:f004::9","TLSv1.2","321","Application Data"
"3963","40.440958","2a06:c701:49af:6700:cca5:69f0:274a:4fd9","2001:67c:4e8:f004::9","TLSv1.2","191","Application Data"
"3967","40.537907","2001:67c:4e8:f004::9","2a06:c701:49af:6700:cca5:69f0:274a:4fd9","TLSv1.2","253","Application Data"
"3968","40.568038","2001:67c:4e8:f004::9","2a06:c701:49af:6700:cca5:69f0:274a:4fd9","TLSv1.2","445","Application Data"
"3973","40.626953","2a06:c701:49af:6700:cca5:69f0:274a:4fd9","2606:4700:7::a29f:82eb","TLSv1.2","135","Application Data"
"3974","40.649612","2606:4700:7::a29f:82eb","2a06:c701:49af:6700:cca5:69f0:274a:4fd9","TLSv1.2","131","Application Data"
"3993","40.828617","2a06:c701:49af:6700:cca5:69f0:274a:4fd9","2001:67c:4e8:f004::9","TLSv1.2","289","Application Data"
"3998","40.932310","2001:67c:4e8:f004::9","2a06:c701:49af:6700:cca5:69f0:274a:4fd9","TLSv1.2","187","Application Data"
"4023","41.366872","2a06:c701:49af:6700:cca5:69f0:274a:4fd9","2001:67c:4e8:f004::9","TLSv1.2","273","Application Data"
"4030","41.471134","2001:67c:4e8:f004::9","2a06:c701:49af:6700:cca5:69f0:274a:4fd9","TLSv1.2","187","Application Data"
"4031","41.473262","2a06:c701:49af:6700:cca5:69f0:274a:4fd9","2001:67c:4e8:f004::9","TLSv1.2","273","Application Data"
"4038","41.579308","2001:67c:4e8:f004::9","2a06:c701:49af:6700:cca5:69f0:274a:4fd9","TLSv1.2","509","Application Data"
"4039","41.586973","2a06:c701:49af:6700:cca5:69f0:274a:4fd9","2001:67c:4e8:f004::9","TLSv1.2","289","Application Data"
"4048","41.731224","2620:117:c004:392:107:167:125:189","2a06:c701:49af:6700:cca5:69f0:274a:4fd9","TLSv1.2","97","Encrypted Alert"
"4061","41.799816","2001:67c:4e8:f004::9","2a06:c701:49af:6700:cca5:69f0:274a:4fd9","TLSv1.2","429","Application Data"
"4106","42.550558","2a06:c701:49af:6700:cca5:69f0:274a:4fd9","2001:67c:4e8:f004::9","TLSv1.2","273","Application Data"
"4117","42.690069","2001:67c:4e8:f004::9","2a06:c701:49af:6700:cca5:69f0:274a:4fd9","TLSv1.2","187","Application Data"
"4120","42.692116","2a06:c701:49af:6700:cca5:69f0:274a:4fd9","2001:67c:4e8:f004::9","TLSv1.2","273","Application Data"
"4130","42.814891","2001:67c:4e8:f004::9","2a06:c701:49af:6700:cca5:69f0:274a:4fd9","TLSv1.2","509","Application Data"
"4177","43.549256","2a06:c701:49af:6700:cca5:69f0:274a:4fd9","2001:67c:4e8:f004::9","TLSv1.2","257","Application Data"
"4178","43.550268","2a06:c701:49af:6700:cca5:69f0:274a:4fd9","2001:67c:4e8:f004::9","TLSv1.2","257","Application Data"
"4185","43.667542","2001:67c:4e8:f004::9","2a06:c701:49af:6700:cca5:69f0:274a:4fd9","TLSv1.2","187","Application Data"
"4193","43.784555","2001:67c:4e8:f004::9","2a06:c701:49af:6700:cca5:69f0:274a:4fd9","TLSv1.2","445","Application Data"
"4198","43.828775","2a06:c701:49af:6700:cca5:69f0:274a:4fd9","2001:67c:4e8:f004::9","TLSv1.2","289","Application Data"
"4206","43.968644","2001:67c:4e8:f004::9","2a06:c701:49af:6700:cca5:69f0:274a:4fd9","TLSv1.2","187","Application Data"
"4207","43.970839","2a06:c701:49af:6700:cca5:69f0:274a:4fd9","2001:67c:4e8:f004::9","TLSv1.2","273","Application Data"
"4220","44.067318","2001:67c:4e8:f004::9","2a06:c701:49af:6700:cca5:69f0:274a:4fd9","TLSv1.2","187","Application Data"
"4221","44.069424","2a06:c701:49af:6700:cca5:69f0:274a:4fd9","2001:67c:4e8:f004::9","TLSv1.2","273","Application Data"
"4227","44.165067","2001:67c:4e8:f004::9","2a06:c701:49af:6700:cca5:69f0:274a:4fd9","TLSv1.2","187","Application Data"
"4228","44.167142","2a06:c701:49af:6700:cca5:69f0:274a:4fd9","2001:67c:4e8:f004::9","TLSv1.2","273","Application Data"
"4231","44.262554","2001:67c:4e8:f004::9","2a06:c701:49af:6700:cca5:69f0:274a:4fd9","TLSv1.2","187","Application Data"
"4232","44.264943","2a06:c701:49af:6700:cca5:69f0:274a:4fd9","2001:67c:4e8:f004::9","TLSv1.2","273","Application Data"
"4237","44.361137","2001:67c:4e8:f004::9","2a06:c701:49af:6700:cca5:69f0:274a:4fd9","TLSv1.2","187","Application Data"
"4239","44.363210","2a06:c701:49af:6700:cca5:69f0:274a:4fd9","2001:67c:4e8:f004::9","TLSv1.2","273","Application Data"
"4246","44.459563","2001:67c:4e8:f004::9","2a06:c701:49af:6700:cca5:69f0:274a:4fd9","TLSv1.2","187","Application Data"
"4247","44.461791","2a06:c701:49af:6700:cca5:69f0:274a:4fd9","2001:67c:4e8:f004::9","TLSv1.2","273","Application Data"
"4254","44.504533","2a06:c701:49af:6700:cca5:69f0:274a:4fd9","2001:67c:4e8:f004::9","TLSv1.2","207","Application Data"
"4263","44.557667","2001:67c:4e8:f004::9","2a06:c701:49af:6700:cca5:69f0:274a:4fd9","TLSv1.2","187","Application Data"
"4264","44.559910","2a06:c701:49af:6700:cca5:69f0:274a:4fd9","2001:67c:4e8:f004::9","TLSv1.2","273","Application Data"
"4271","44.605285","2001:67c:4e8:f004::9","2a06:c701:49af:6700:cca5:69f0:274a:4fd9","TLSv1.2","187","Application Data"
"4272","44.607257","2a06:c701:49af:6700:cca5:69f0:274a:4fd9","2001:67c:4e8:f004::9","TLSv1.2","273","Application Data"
"4275","44.677663","2001:67c:4e8:f004::9","2a06:c701:49af:6700:cca5:69f0:274a:4fd9","TLSv1.2","187","Application Data"
"4289","44.723809","2001:67c:4e8:f004::9","2a06:c701:49af:6700:cca5:69f0:274a:4fd9","TLSv1.2","187","Application Data"
"4290","44.726131","2a06:c701:49af:6700:cca5:69f0:274a:4fd9","2001:67c:4e8:f004::9","TLSv1.2","289","Application Data"
"4292","44.842143","2001:67c:4e8:f004::9","2a06:c701:49af:6700:cca5:69f0:274a:4fd9","TLSv1.2","509","Application Data"
"4293","44.860639","2a06:c701:49af:6700:cca5:69f0:274a:4fd9","2001:67c:4e8:f004::9","TLSv1.2","289","Application Data"
"4315","45.094041","2001:67c:4e8:f004::9","2a06:c701:49af:6700:cca5:69f0:274a:4fd9","TLSv1.2","429","Application Data"
"4341","45.406724","2a06:c701:49af:6700:cca5:69f0:274a:4fd9","2001:67c:4e8:f004::9","TLSv1.2","609","Application Data"
"4346","45.529103","2001:67c:4e8:f004::9","2a06:c701:49af:6700:cca5:69f0:274a:4fd9","TLSv1.2","253","Application Data"
"4397","45.821203","2a06:c701:49af:6700:cca5:69f0:274a:4fd9","2001:67c:4e8:f004::9","TLSv1.2","273","Application Data"
"4405","45.947552","2001:67c:4e8:f004::9","2a06:c701:49af:6700:cca5:69f0:274a:4fd9","TLSv1.2","187","Application Data"
"4406","45.949510","2a06:c701:49af:6700:cca5:69f0:274a:4fd9","2001:67c:4e8:f004::9","TLSv1.2","273","Application Data"
"4415","46.056291","2001:67c:4e8:f004::9","2a06:c701:49af:6700:cca5:69f0:274a:4fd9","TLSv1.2","509","Application Data"
"4442","46.682754","2a06:c701:49af:6700:cca5:69f0:274a:4fd9","2001:67c:4e8:f004::9","TLSv1.2","257","Application Data"
"4446","46.779395","2001:67c:4e8:f004::9","2a06:c701:49af:6700:cca5:69f0:274a:4fd9","TLSv1.2","187","Application Data"
"4451","46.836146","2a06:c701:49af:6700:cca5:69f0:274a:4fd9","2001:67c:4e8:f004::9","TLSv1.2","273","Application Data"
"4456","46.908959","2a06:c701:49af:6700:cca5:69f0:274a:4fd9","2001:67c:4e8:f004::9","TLSv1.2","257","Application Data"
"4457","46.941181","2001:67c:4e8:f004::9","2a06:c701:49af:6700:cca5:69f0:274a:4fd9","TLSv1.2","187","Application Data"
"4465","47.129028","2001:67c:4e8:f004::9","2a06:c701:49af:6700:cca5:69f0:274a:4fd9","TLSv1.2","445","Application Data"
"4500","47.861599","2a06:c701:49af:6700:cca5:69f0:274a:4fd9","2001:67c:4e8:f004::9","TLSv1.2","273","Application Data"
"4505","47.971418","2001:67c:4e8:f004::9","2a06:c701:49af:6700:cca5:69f0:274a:4fd9","TLSv1.2","187","Application Data"
"4506","47.973605","2a06:c701:49af:6700:cca5:69f0:274a:4fd9","2001:67c:4e8:f004::9","TLSv1.2","273","Application Data"
"4515","48.080347","2001:67c:4e8:f004::9","2a06:c701:49af:6700:cca5:69f0:274a:4fd9","TLSv1.2","525","Application Data"
"4562","48.943038","2a06:c701:49af:6700:cca5:69f0:274a:4fd9","2001:67c:4e8:f004::9","TLSv1.2","305","Application Data"
"4572","49.122804","2001:67c:4e8:f004::9","2a06:c701:49af:6700:cca5:69f0:274a:4fd9","TLSv1.2","445","Application Data"
"4639","49.793315","2a06:c701:49af:6700:cca5:69f0:274a:4fd9","2001:67c:4e8:f004::9","TLSv1.2","257","Application Data"
"4640","49.793454","2a06:c701:49af:6700:cca5:69f0:274a:4fd9","2001:67c:4e8:f004::9","TLSv1.2","191","Application Data"
"4642","49.824544","2a06:c701:49af:6700:cca5:69f0:274a:4fd9","2001:67c:4e8:f004::9","TLSv1.2","207","Application Data"
"4646","49.891440","2001:67c:4e8:f004::9","2a06:c701:49af:6700:cca5:69f0:274a:4fd9","TLSv1.2","187","Application Data"
"4647","49.917506","2a06:c701:49af:6700:cca5:69f0:274a:4fd9","2001:67c:4e8:f004::9","TLSv1.2","273","Application Data"
"4648","49.938615","2001:67c:4e8:f004::9","2a06:c701:49af:6700:cca5:69f0:274a:4fd9","TLSv1.2","187","Application Data"
"4649","49.974558","2001:67c:4e8:f004::9","2a06:c701:49af:6700:cca5:69f0:274a:4fd9","TLSv1.2","187","Application Data"
"4656","50.033219","2001:67c:4e8:f004::9","2a06:c701:49af:6700:cca5:69f0:274a:4fd9","TLSv1.2","187","Application Data"
"4657","50.035398","2a06:c701:49af:6700:cca5:69f0:274a:4fd9","2001:67c:4e8:f004::9","TLSv1.2","289","Application Data"
"4658","50.162880","2001:67c:4e8:f004::9","2a06:c701:49af:6700:cca5:69f0:274a:4fd9","TLSv1.2","509","Application Data"
"4674","50.574787","2a06:c701:49af:6700:cca5:69f0:274a:4fd9","2001:67c:4e8:f004::9","TLSv1.2","241","Application Data"
"4684","50.686049","2001:67c:4e8:f004::9","2a06:c701:49af:6700:cca5:69f0:274a:4fd9","TLSv1.2","187","Application Data"
"4700","51.044982","2a06:c701:49af:6700:cca5:69f0:274a:4fd9","2606:4700:7::a29f:81eb","TLSv1.2","135","Application Data"
"4701","51.074906","2606:4700:7::a29f:81eb","2a06:c701:49af:6700:cca5:69f0:274a:4fd9","TLSv1.2","131","Application Data"
"4703","51.158023","10.0.0.3","162.159.136.234","TLSv1.2","108","Application Data"
"4714","51.274983","2a06:c701:49af:6700:cca5:69f0:274a:4fd9","2001:67c:4e8:f004::9","TLSv1.3","476","Application Data"
"4732","51.285536","10.0.0.3","149.154.167.99","TLSv1.3","488","Application Data"
"4738","51.319139","162.159.136.234","10.0.0.3","TLSv1.2","87","Application Data"
"4756","51.367579","10.0.0.3","149.154.167.99","TLSv1.3","1506","Application Data [TCP segment of a reassembled PDU]"
"4760","51.372290","2001:67c:4e8:f004::9","2a06:c701:49af:6700:cca5:69f0:274a:4fd9","TLSv1.3","187","Application Data"
"4771","51.377896","10.0.0.3","149.154.167.99","TLSv1.3","1506","Application Data [TCP segment of a reassembled PDU]"
"4786","51.434535","10.0.0.3","149.154.167.99","TLSv1.3","56","Application Data"
"4800","51.524297","149.154.167.99","10.0.0.3","TLSv1.3","167","Application Data"
"4801","51.529428","2a06:c701:49af:6700:cca5:69f0:274a:4fd9","2001:67c:4e8:f004::9","TLSv1.2","385","Application Data"
"4824","51.794240","2001:67c:4e8:f004::9","2a06:c701:49af:6700:cca5:69f0:274a:4fd9","TLSv1.2","736","Application Data"
"4827","51.818984","2a06:c701:49af:6700:cca5:69f0:274a:4fd9","2001:67c:4e8:f004::9","TLSv1.3","321","Application Data"
"4839","51.934073","2001:67c:4e8:f004::9","2a06:c701:49af:6700:cca5:69f0:274a:4fd9","TLSv1.3","1496","Application Data"
"4857","52.299984","2a06:c701:49af:6700:cca5:69f0:274a:4fd9","2001:67c:4e8:f004::9","TLSv1.2","273","Application Data"
"4872","52.403813","2001:67c:4e8:f004::9","2a06:c701:49af:6700:cca5:69f0:274a:4fd9","TLSv1.2","187","Application Data"
"4873","52.405893","2a06:c701:49af:6700:cca5:69f0:274a:4fd9","2001:67c:4e8:f004::9","TLSv1.2","273","Application Data"
"4875","52.517731","2001:67c:4e8:f004::9","2a06:c701:49af:6700:cca5:69f0:274a:4fd9","TLSv1.2","800","Application Data"
"4893","52.823322","2a06:c701:49af:6700:cca5:69f0:274a:4fd9","2001:67c:4e8:f004::9","TLSv1.2","273","Application Data"
"4895","52.894676","2a06:c701:49af:6700:cca5:69f0:274a:4fd9","2001:67c:4e8:f004::9","TLSv1.2","191","Application Data"
"4896","52.931616","2001:67c:4e8:f004::9","2a06:c701:49af:6700:cca5:69f0:274a:4fd9","TLSv1.2","187","Application Data"
"4898","52.995519","2001:67c:4e8:f004::9","2a06:c701:49af:6700:cca5:69f0:274a:4fd9","TLSv1.2","187","Application Data"
"4923","53.620176","2a06:c701:49af:6700:cca5:69f0:274a:4fd9","2001:67c:4e8:f004::9","TLSv1.2","321","Application Data"
"4940","53.831802","2001:67c:4e8:f004::9","2a06:c701:49af:6700:cca5:69f0:274a:4fd9","TLSv1.2","445","Application Data"
"4988","54.376407","2a06:c701:49af:6700:cca5:69f0:274a:4fd9","2606:4700:7::a29f:82eb","TLSv1.2","135","Application Data"
"4990","54.388860","2606:4700:7::a29f:82eb","2a06:c701:49af:6700:cca5:69f0:274a:4fd9","TLSv1.2","131","Application Data"
"5000","54.583811","2a06:c701:49af:6700:cca5:69f0:274a:4fd9","2001:67c:4e8:f004::9","TLSv1.2","273","Application Data"
"5007","54.735158","2001:67c:4e8:f004::9","2a06:c701:49af:6700:cca5:69f0:274a:4fd9","TLSv1.2","187","Application Data"
"5008","54.737453","2a06:c701:49af:6700:cca5:69f0:274a:4fd9","2001:67c:4e8:f004::9","TLSv1.2","273","Application Data"
"5024","54.881405","2001:67c:4e8:f004::9","2a06:c701:49af:6700:cca5:69f0:274a:4fd9","TLSv1.2","525","Application Data"
"5030","54.961198","2a06:c701:49af:6700:cca5:69f0:274a:4fd9","2001:67c:4e8:f004::9","TLSv1.2","305","Application Data"
"5043","55.179391","2001:67c:4e8:f004::9","2a06:c701:49af:6700:cca5:69f0:274a:4fd9","TLSv1.2","445","Application Data"
"5090","55.821582","2a06:c701:49af:6700:cca5:69f0:274a:4fd9","2001:67c:4e8:f004::9","TLSv1.2","273","Application Data"
"5097","55.915772","2a06:c701:49af:6700:cca5:69f0:274a:4fd9","2001:67c:4e8:f004::9","TLSv1.2","207","Application Data"
"5099","55.935295","2001:67c:4e8:f004::9","2a06:c701:49af:6700:cca5:69f0:274a:4fd9","TLSv1.2","187","Application Data"
"5124","55.998380","2a06:c701:49af:6700:cca5:69f0:274a:4fd9","2001:67c:4e8:f004::9","TLSv1.2","257","Application Data"
"5126","56.047641","2001:67c:4e8:f004::9","2a06:c701:49af:6700:cca5:69f0:274a:4fd9","TLSv1.2","187","Application Data"
"5127","56.049913","2a06:c701:49af:6700:cca5:69f0:274a:4fd9","2001:67c:4e8:f004::9","TLSv1.2","273","Application Data"
"5129","56.094221","2001:67c:4e8:f004::9","2a06:c701:49af:6700:cca5:69f0:274a:4fd9","TLSv1.2","187","Application Data"
"5131","56.159399","2001:67c:4e8:f004::9","2a06:c701:49af:6700:cca5:69f0:274a:4fd9","TLSv1.2","509","Application Data"
"5154","56.857491","2a06:c701:49af:6700:cca5:69f0:274a:4fd9","2001:67c:4e8:f004::9","TLSv1.2","321","Application Data"
"5166","57.026802","2001:67c:4e8:f004::9","2a06:c701:49af:6700:cca5:69f0:274a:4fd9","TLSv1.2","445","Application Data"
"5219","57.801058","2a06:c701:49af:6700:cca5:69f0:274a:4fd9","2600:1901:1:e52::","TLSv1.2","117","Application Data"
"5221","57.825948","2a06:c701:49af:6700:cca5:69f0:274a:4fd9","2001:67c:4e8:f004::9","TLSv1.2","273","Application Data"
"5223","57.870327","2600:1901:1:e52::","2a06:c701:49af:6700:cca5:69f0:274a:4fd9","TLSv1.2","114","Application Data"
"5228","57.928064","2001:67c:4e8:f004::9","2a06:c701:49af:6700:cca5:69f0:274a:4fd9","TLSv1.2","187","Application Data"
"5229","57.930158","2a06:c701:49af:6700:cca5:69f0:274a:4fd9","2001:67c:4e8:f004::9","TLSv1.2","273","Application Data"
"5247","58.048406","2001:67c:4e8:f004::9","2a06:c701:49af:6700:cca5:69f0:274a:4fd9","TLSv1.2","525","Application Data"
"5279","58.375053","2a06:c701:49af:6700:cca5:69f0:274a:4fd9","2001:67c:4e8:f004::9","TLSv1.2","305","Application Data"
"5319","58.640798","2001:67c:4e8:f004::9","2a06:c701:49af:6700:cca5:69f0:274a:4fd9","TLSv1.2","429","Application Data"
"5331","58.828566","2a06:c701:49af:6700:cca5:69f0:274a:4fd9","2001:67c:4e8:f004::9","TLSv1.2","273","Application Data"
"5341","58.991101","2001:67c:4e8:f004::9","2a06:c701:49af:6700:cca5:69f0:274a:4fd9","TLSv1.2","187","Application Data"
"5347","59.107412","2a06:c701:49af:6700:cca5:69f0:274a:4fd9","2001:67c:4e8:f004::9","TLSv1.2","257","Application Data"
"5353","59.219599","2001:67c:4e8:f004::9","2a06:c701:49af:6700:cca5:69f0:274a:4fd9","TLSv1.2","187","Application Data"
"5364","59.341349","2a06:c701:49af:6700:cca5:69f0:274a:4fd9","2001:67c:4e8:f004::9","TLSv1.2","273","Application Data"
"5372","59.447084","2001:67c:4e8:f004::9","2a06:c701:49af:6700:cca5:69f0:274a:4fd9","TLSv1.2","187","Application Data"
"5373","59.449177","2a06:c701:49af:6700:cca5:69f0:274a:4fd9","2001:67c:4e8:f004::9","TLSv1.2","273","Application Data"
"5379","59.570638","2001:67c:4e8:f004::9","2a06:c701:49af:6700:cca5:69f0:274a:4fd9","TLSv1.2","509","Application Data"
"5437","60.403694","2a06:c701:49af:6700:cca5:69f0:274a:4fd9","2001:67c:4e8:f004::9","TLSv1.2","644","Application Data"
"5442","60.523155","2001:67c:4e8:f004::9","2a06:c701:49af:6700:cca5:69f0:274a:4fd9","TLSv1.2","253","Application Data"
"5454","60.675279","2a06:c701:49af:6700:cca5:69f0:274a:4fd9","2001:67c:4e8:f004::9","TLSv1.2","321","Application Data"
"5464","60.867558","2001:67c:4e8:f004::9","2a06:c701:49af:6700:cca5:69f0:274a:4fd9","TLSv1.2","461","Application Data"
"5533","61.636888","2a06:c701:49af:6700:cca5:69f0:274a:4fd9","2001:67c:4e8:f004::9","TLSv1.2","273","Application Data"
"5546","61.822585","2001:67c:4e8:f004::9","2a06:c701:49af:6700:cca5:69f0:274a:4fd9","TLSv1.2","187","Application Data"
"5547","61.823957","2a06:c701:49af:6700:cca5:69f0:274a:4fd9","2001:67c:4e8:f004::9","TLSv1.2","207","Application Data"
"5548","61.824650","2a06:c701:49af:6700:cca5:69f0:274a:4fd9","2001:67c:4e8:f004::9","TLSv1.2","273","Application Data"
"5556","62.011417","2001:67c:4e8:f004::9","2a06:c701:49af:6700:cca5:69f0:274a:4fd9","TLSv1.2","253","Application Data"
"5557","62.024196","2001:67c:4e8:f004::9","2a06:c701:49af:6700:cca5:69f0:274a:4fd9","TLSv1.2","525","Application Data"
"5572","62.225007","2a06:c701:49af:6700:cca5:69f0:274a:4fd9","2001:67c:4e8:f004::9","TLSv1.2","273","Application Data"
"5574","62.245667","2a06:c701:49af:6700:cca5:69f0:274a:4fd9","2001:67c:4e8:f004::9","TLSv1.2","241","Application Data"
"5581","62.321156","2001:67c:4e8:f004::9","2a06:c701:49af:6700:cca5:69f0:274a:4fd9","TLSv1.2","187","Application Data"
"5592","62.470393","2001:67c:4e8:f004::9","2a06:c701:49af:6700:cca5:69f0:274a:4fd9","TLSv1.2","429","Application Data"
"5597","62.534050","162.159.136.234","10.0.0.3","TLSv1.2","103","Application Data"
"5602","62.557798","162.159.136.234","10.0.0.3","TLSv1.2","96","Application Data"
"5611","62.617742","162.159.136.234","10.0.0.3","TLSv1.2","96","Application Data"
"5665","63.210801","2a06:c701:49af:6700:cca5:69f0:274a:4fd9","2001:67c:4e8:f004::9","TLSv1.2","273","Application Data"
"5675","63.332830","2001:67c:4e8:f004::9","2a06:c701:49af:6700:cca5:69f0:274a:4fd9","TLSv1.2","187","Application Data"
"5676","63.334723","2a06:c701:49af:6700:cca5:69f0:274a:4fd9","2001:67c:4e8:f004::9","TLSv1.2","273","Application Data"
"5686","63.477581","2001:67c:4e8:f004::9","2a06:c701:49af:6700:cca5:69f0:274a:4fd9","TLSv1.2","509","Application Data"
"5726","63.961695","2a06:c701:49af:6700:cca5:69f0:274a:4fd9","2001:67c:4e8:f004::9","TLSv1.2","305","Application Data"
"5756","64.257682","2001:67c:4e8:f004::9","2a06:c701:49af:6700:cca5:69f0:274a:4fd9","TLSv1.2","445","Application Data"
"5812","64.794722","2a06:c701:49af:6700:cca5:69f0:274a:4fd9","2606:4700:7::a29f:81eb","TLSv1.2","135","Application Data"
"5813","64.817321","2606:4700:7::a29f:81eb","2a06:c701:49af:6700:cca5:69f0:274a:4fd9","TLSv1.2","131","Application Data"
"5814","64.821303","2a06:c701:49af:6700:cca5:69f0:274a:4fd9","2001:67c:4e8:f004::9","TLSv1.2","273","Application Data"
"5818","64.919661","2a06:c701:49af:6700:cca5:69f0:274a:4fd9","2001:67c:4e8:f004::9","TLSv1.2","207","Application Data"
"5819","64.921221","2001:67c:4e8:f004::9","2a06:c701:49af:6700:cca5:69f0:274a:4fd9","TLSv1.2","187","Application Data"
"5827","65.021227","2001:67c:4e8:f004::9","2a06:c701:49af:6700:cca5:69f0:274a:4fd9","TLSv1.2","187","Application Data"
"5828","65.023606","2a06:c701:49af:6700:cca5:69f0:274a:4fd9","2001:67c:4e8:f004::9","TLSv1.2","289","Application Data"
"5841","65.177026","2a06:c701:49af:6700:cca5:69f0:274a:4fd9","2001:67c:4e8:f004::9","TLSv1.2","241","Application Data"
"5842","65.181078","2001:67c:4e8:f004::9","2a06:c701:49af:6700:cca5:69f0:274a:4fd9","TLSv1.2","509","Application Data"
"5865","65.342507","2a06:c701:49af:6700:cca5:69f0:274a:4fd9","2001:67c:4e8:f004::9","TLSv1.2","257","Application Data"
"5868","65.373817","2001:67c:4e8:f004::9","2a06:c701:49af:6700:cca5:69f0:274a:4fd9","TLSv1.2","429","Application Data"
"5880","65.437790","2001:67c:4e8:f004::9","2a06:c701:49af:6700:cca5:69f0:274a:4fd9","TLSv1.2","187","Application Data"
"5946","66.157070","2a06:c701:49af:6700:cca5:69f0:274a:4fd9","2001:67c:4e8:f004::9","TLSv1.2","273","Application Data"
"5958","66.219107","2a06:c701:49af:6700:cca5:69f0:274a:4fd9","2606:4700:7::a29f:81eb","TLSv1.2","161","Application Data"
"5964","66.260329","2001:67c:4e8:f004::9","2a06:c701:49af:6700:cca5:69f0:274a:4fd9","TLSv1.2","187","Application Data"
"5966","66.262588","2a06:c701:49af:6700:cca5:69f0:274a:4fd9","2001:67c:4e8:f004::9","TLSv1.2","273","Application Data"
"5994","66.430136","2001:67c:4e8:f004::9","2a06:c701:49af:6700:cca5:69f0:274a:4fd9","TLSv1.2","509","Application Data"
"6055","66.916438","2a06:c701:49af:6700:cca5:69f0:274a:4fd9","2001:67c:4e8:f004::9","TLSv1.2","321","Application Data"
"6067","67.083304","2001:67c:4e8:f004::9","2a06:c701:49af:6700:cca5:69f0:274a:4fd9","TLSv1.2","445","Application Data"
"6116","67.467170","162.159.136.234","10.0.0.3","TLSv1.2","95","Application Data"
"6169","67.824017","2a06:c701:49af:6700:cca5:69f0:274a:4fd9","2001:67c:4e8:f004::9","TLSv1.2","273","Application Data"
"6172","67.873436","2a06:c701:49af:6700:cca5:69f0:274a:4fd9","2001:67c:4e8:f004::9","TLSv1.2","207","Application Data"
"6177","67.926900","2001:67c:4e8:f004::9","2a06:c701:49af:6700:cca5:69f0:274a:4fd9","TLSv1.2","187","Application Data"
"6184","67.982578","2001:67c:4e8:f004::9","2a06:c701:49af:6700:cca5:69f0:274a:4fd9","TLSv1.2","187","Application Data"
"6185","67.984618","2a06:c701:49af:6700:cca5:69f0:274a:4fd9","2001:67c:4e8:f004::9","TLSv1.2","289","Application Data"
"6195","68.125411","2001:67c:4e8:f004::9","2a06:c701:49af:6700:cca5:69f0:274a:4fd9","TLSv1.2","525","Application Data"
"6196","68.127024","2a06:c701:49af:6700:cca5:69f0:274a:4fd9","2606:4700:7::a29f:82eb","TLSv1.2","135","Application Data"
"6198","68.140003","2606:4700:7::a29f:82eb","2a06:c701:49af:6700:cca5:69f0:274a:4fd9","TLSv1.2","131","Application Data"
"6204","68.183821","2a06:c701:49af:6700:cca5:69f0:274a:4fd9","2001:67c:4e8:f004::9","TLSv1.2","289","Application Data"
"6216","68.220267","2a06:c701:49af:6700:cca5:69f0:274a:4fd9","2606:4700:7::a29f:81eb","TLSv1.2","161","Application Data"
"6235","68.261656","2a06:c701:49af:6700:cca5:69f0:274a:4fd9","2606:4700:7::a29f:81eb","TLSv1.2","161","Application Data"
"6260","68.371883","2001:67c:4e8:f004::9","2a06:c701:49af:6700:cca5:69f0:274a:4fd9","TLSv1.2","429","Application Data"
"6273","68.441178","2a06:c701:49af:6700:cca5:69f0:274a:4fd9","2001:67c:4e8:f004::9","TLSv1.2","257","Application Data"
"6291","68.537424","2001:67c:4e8:f004::9","2a06:c701:49af:6700:cca5:69f0:274a:4fd9","TLSv1.2","187","Application Data"
"6307","68.601399","2a06:c701:49af:6700:cca5:69f0:274a:4fd9","2001:67c:4e8:f004::9","TLSv1.2","273","Application Data"
"6319","68.704902","2001:67c:4e8:f004::9","2a06:c701:49af:6700:cca5:69f0:274a:4fd9","TLSv1.2","219","Application Data"
"6394","69.068200","2a06:c701:49af:6700:cca5:69f0:274a:4fd9","2606:4700:7::a29f:81eb","TLSv1.2","161","Application Data"
"6416","69.158802","2a06:c701:49af:6700:cca5:69f0:274a:4fd9","2001:67c:4e8:f004::9","TLSv1.2","273","Application Data"
"6437","69.289179","2001:67c:4e8:f004::9","2a06:c701:49af:6700:cca5:69f0:274a:4fd9","TLSv1.2","187","Application Data"
"6438","69.291021","2a06:c701:49af:6700:cca5:69f0:274a:4fd9","2001:67c:4e8:f004::9","TLSv1.2","273","Application Data"
"6450","69.399340","2001:67c:4e8:f004::9","2a06:c701:49af:6700:cca5:69f0:274a:4fd9","TLSv1.2","509","Application Data"
"6511","70.082156","2a06:c701:49af:6700:cca5:69f0:274a:4fd9","2001:67c:4e8:f004::9","TLSv1.2","241","Application Data"
"6519","70.191827","2001:67c:4e8:f004::9","2a06:c701:49af:6700:cca5:69f0:274a:4fd9","TLSv1.2","187","Application Data"
"6590","70.822879","2a06:c701:49af:6700:cca5:69f0:274a:4fd9","2001:67c:4e8:f004::9","TLSv1.2","273","Application Data"
"6616","71.014062","2001:67c:4e8:f004::9","2a06:c701:49af:6700:cca5:69f0:274a:4fd9","TLSv1.2","187","Application Data"
"6624","71.113141","2a06:c701:49af:6700:cca5:69f0:274a:4fd9","2001:67c:4e8:f004::9","TLSv1.2","241","Application Data"
"6645","71.341549","2001:67c:4e8:f004::9","2a06:c701:49af:6700:cca5:69f0:274a:4fd9","TLSv1.2","187","Application Data"
"6655","71.548039","2a06:c701:49af:6700:cca5:69f0:274a:4fd9","2001:67c:4e8:f004::9","TLSv1.2","257","Application Data"
"6670","71.594046","2a06:c701:49af:6700:cca5:69f0:274a:4fd9","2001:67c:4e8:f004::9","TLSv1.3","1506","Application Data [TCP segment of a reassembled PDU]"
"6681","71.594046","2a06:c701:49af:6700:cca5:69f0:274a:4fd9","2001:67c:4e8:f004::9","TLSv1.3","1382","Application Data"
"6693","71.594199","2a06:c701:49af:6700:cca5:69f0:274a:4fd9","2001:67c:4e8:f004::9","TLSv1.3","1506","Application Data [TCP segment of a reassembled PDU]"
"6704","71.594199","2a06:c701:49af:6700:cca5:69f0:274a:4fd9","2001:67c:4e8:f004::9","TLSv1.3","1506","Application Data [TCP segment of a reassembled PDU]"
"6716","71.594199","2a06:c701:49af:6700:cca5:69f0:274a:4fd9","2001:67c:4e8:f004::9","TLSv1.3","604","Application Data"
"6728","71.594339","2a06:c701:49af:6700:cca5:69f0:274a:4fd9","2001:67c:4e8:f004::9","TLSv1.3","1506","Application Data [TCP segment of a reassembled PDU]"
"6733","71.594339","2a06:c701:49af:6700:cca5:69f0:274a:4fd9","2001:67c:4e8:f004::9","TLSv1.3","129","Application Data"
"6737","71.594395","10.0.0.3","149.154.167.99","TLSv1.3","356","Application Data"
"6743","71.668580","2001:67c:4e8:f004::9","2a06:c701:49af:6700:cca5:69f0:274a:4fd9","TLSv1.2","187","Application Data"
"6759","71.707076","2a06:c701:49af:6700:cca5:69f0:274a:4fd9","2001:67c:4e8:f004::9","TLSv1.3","1506","Application Data [TCP segment of a reassembled PDU]"
"6765","71.714104","2a06:c701:49af:6700:cca5:69f0:274a:4fd9","2001:67c:4e8:f004::9","TLSv1.3","549","Application Data"
"6793","71.818993","2a06:c701:49af:6700:cca5:69f0:274a:4fd9","2606:4700:7::a29f:81eb","TLSv1.2","161","Application Data"
"6806","71.873871","149.154.167.99","10.0.0.3","TLSv1.3","167","Application Data"
"6821","71.960166","2001:67c:4e8:f004::9","2a06:c701:49af:6700:cca5:69f0:274a:4fd9","TLSv1.3","187","Application Data"
"6824","71.963824","2a06:c701:49af:6700:cca5:69f0:274a:4fd9","2001:67c:4e8:f004::9","TLSv1.2","385","Application Data"
"6834","72.080534","2001:67c:4e8:f004::9","2a06:c701:49af:6700:cca5:69f0:274a:4fd9","TLSv1.2","187","Application Data"
"6835","72.082353","2a06:c701:49af:6700:cca5:69f0:274a:4fd9","2001:67c:4e8:f004::9","TLSv1.2","385","Application Data"
"6841","72.178591","2001:67c:4e8:f004::9","2a06:c701:49af:6700:cca5:69f0:274a:4fd9","TLSv1.2","187","Application Data"
"6842","72.180546","2a06:c701:49af:6700:cca5:69f0:274a:4fd9","2001:67c:4e8:f004::9","TLSv1.2","385","Application Data"
"6849","72.277715","2001:67c:4e8:f004::9","2a06:c701:49af:6700:cca5:69f0:274a:4fd9","TLSv1.2","187","Application Data"
"6850","72.279820","2a06:c701:49af:6700:cca5:69f0:274a:4fd9","2001:67c:4e8:f004::9","TLSv1.2","385","Application Data"
"6860","72.377401","2001:67c:4e8:f004::9","2a06:c701:49af:6700:cca5:69f0:274a:4fd9","TLSv1.2","187","Application Data"
"6861","72.379645","2a06:c701:49af:6700:cca5:69f0:274a:4fd9","2001:67c:4e8:f004::9","TLSv1.2","385","Application Data"
"6884","72.505570","2001:67c:4e8:f004::9","2a06:c701:49af:6700:cca5:69f0:274a:4fd9","TLSv1.2","187","Application Data"
"6886","72.507651","2a06:c701:49af:6700:cca5:69f0:274a:4fd9","2001:67c:4e8:f004::9","TLSv1.2","385","Application Data"
"6889","72.525780","2a06:c701:49af:6700:cca5:69f0:274a:4fd9","2001:67c:4e8:f004::9","TLSv1.2","207","Application Data"
"6901","72.604085","2001:67c:4e8:f004::9","2a06:c701:49af:6700:cca5:69f0:274a:4fd9","TLSv1.2","187","Application Data"
"6902","72.606143","2a06:c701:49af:6700:cca5:69f0:274a:4fd9","2001:67c:4e8:f004::9","TLSv1.2","385","Application Data"
"6906","72.626576","2001:67c:4e8:f004::9","2a06:c701:49af:6700:cca5:69f0:274a:4fd9","TLSv1.2","187","Application Data"
"6907","72.628687","2a06:c701:49af:6700:cca5:69f0:274a:4fd9","2001:67c:4e8:f004::9","TLSv1.2","273","Application Data"
"6915","72.702084","2001:67c:4e8:f004::9","2a06:c701:49af:6700:cca5:69f0:274a:4fd9","TLSv1.2","187","Application Data"
"6916","72.704304","2a06:c701:49af:6700:cca5:69f0:274a:4fd9","2001:67c:4e8:f004::9","TLSv1.2","385","Application Data"
"6920","72.724328","2001:67c:4e8:f004::9","2a06:c701:49af:6700:cca5:69f0:274a:4fd9","TLSv1.2","187","Application Data"
"6921","72.726079","2a06:c701:49af:6700:cca5:69f0:274a:4fd9","2001:67c:4e8:f004::9","TLSv1.2","273","Application Data"
"6934","72.847583","2001:67c:4e8:f004::9","2a06:c701:49af:6700:cca5:69f0:274a:4fd9","TLSv1.2","253","Application Data"
"6935","72.850186","2a06:c701:49af:6700:cca5:69f0:274a:4fd9","2001:67c:4e8:f004::9","TLSv1.2","289","Application Data"
"6946","72.965735","2001:67c:4e8:f004::9","2a06:c701:49af:6700:cca5:69f0:274a:4fd9","TLSv1.2","800","Application Data"
"6947","72.965956","2001:67c:4e8:f004::9","2a06:c701:49af:6700:cca5:69f0:274a:4fd9","TLSv1.2","736","Application Data"
"6956","73.039243","2a06:c701:49af:6700:cca5:69f0:274a:4fd9","2001:67c:4e8:f004::9","TLSv1.3","321","Application Data"
"6995","73.254918","2001:67c:4e8:f004::9","2a06:c701:49af:6700:cca5:69f0:274a:4fd9","TLSv1.3","408","Application Data"
"7006","73.329198","2a06:c701:49af:6700:cca5:69f0:274a:4fd9","2001:67c:4e8:f004::9","TLSv1.2","305","Application Data"
"7027","73.512956","2a06:c701:49af:6700:cca5:69f0:274a:4fd9","2001:67c:4e8:f004::9","TLSv1.2","207","Application Data"
"7034","73.547339","2001:67c:4e8:f004::9","2a06:c701:49af:6700:cca5:69f0:274a:4fd9","TLSv1.2","429","Application Data"
"7056","73.646839","2001:67c:4e8:f004::9","2a06:c701:49af:6700:cca5:69f0:274a:4fd9","TLSv1.2","187","Application Data"
"7058","73.649169","2a06:c701:49af:6700:cca5:69f0:274a:4fd9","2001:67c:4e8:f004::9","TLSv1.2","289","Application Data"
"7066","73.712444","2a06:c701:49af:6700:cca5:69f0:274a:4fd9","2606:4700:7::a29f:81eb","TLSv1.2","161","Application Data"
"7078","73.767321","2001:67c:4e8:f004::9","2a06:c701:49af:6700:cca5:69f0:274a:4fd9","TLSv1.2","509","Application Data"
"7090","73.823087","2a06:c701:49af:6700:cca5:69f0:274a:4fd9","2001:67c:4e8:f004::9","TLSv1.2","273","Application Data"
"7104","73.927154","2001:67c:4e8:f004::9","2a06:c701:49af:6700:cca5:69f0:274a:4fd9","TLSv1.2","187","Application Data"
"7171","74.301769","2a06:c701:49af:6700:cca5:69f0:274a:4fd9","2001:67c:4e8:f004::9","TLSv1.2","273","Application Data"
"7174","74.321237","2a06:c701:49af:6700:cca5:69f0:274a:4fd9","2001:67c:4e8:f004::9","TLSv1.2","223","Application Data"
"7184","74.415534","2001:67c:4e8:f004::9","2a06:c701:49af:6700:cca5:69f0:274a:4fd9","TLSv1.2","187","Application Data"
"7185","74.422155","2a06:c701:49af:6700:cca5:69f0:274a:4fd9","2001:67c:4e8:f004::9","TLSv1.2","273","Application Data"
"7197","74.516969","2001:67c:4e8:f004::9","2a06:c701:49af:6700:cca5:69f0:274a:4fd9","TLSv1.2","429","Application Data"
"7205","74.549572","2001:67c:4e8:f004::9","2a06:c701:49af:6700:cca5:69f0:274a:4fd9","TLSv1.2","493","Application Data"
"7221","74.672335","2a06:c701:49af:6700:cca5:69f0:274a:4fd9","2001:67c:4e8:f004::9","TLSv1.2","257","Application Data"
"7223","74.767586","2001:67c:4e8:f004::9","2a06:c701:49af:6700:cca5:69f0:274a:4fd9","TLSv1.2","187","Application Data"
"7226","74.871321","162.159.136.234","10.0.0.3","TLSv1.2","193","Application Data"
"7227","74.871321","162.159.136.234","10.0.0.3","TLSv1.2","138","Application Data"
"7230","74.922311","2a06:c701:49af:6700:cca5:69f0:274a:4fd9","2001:4860:4860::8844","QUIC","1292","Initial, DCID=3a2a1c9b332bfb3d, PKN: 1, CRYPTO, PADDING, PING, CRYPTO, PADDING, CRYPTO, PADDING"
"7244","74.995968","2001:4860:4860::8844","2a06:c701:49af:6700:cca5:69f0:274a:4fd9","QUIC","1292","Protected Payload (KP0)"
"7277","75.080249","10.0.0.3","162.159.138.232","QUIC","1292","Initial, DCID=671313fb8249ba0e, PKN: 1, CRYPTO, CRYPTO, PADDING, CRYPTO, PADDING, PING, PADDING, PING, PADDING, CRYPTO, PADDING, CRYPTO, CRYPTO, PING, PADDING, PING, PING, CRYPTO, CRYPTO, PING, CRYPTO"
"7289","75.121496","10.0.0.3","162.159.138.232","QUIC","1292","Initial, DCID=671313fb8249ba0e, PKN: 6, CRYPTO, PADDING, CRYPTO, PADDING, CRYPTO, CRYPTO, CRYPTO, PING, CRYPTO, CRYPTO, PADDING, CRYPTO, CRYPTO, CRYPTO, PADDING"
"7291","75.148358","162.159.138.232","10.0.0.3","QUIC","1242","Protected Payload (KP0)"
"7333","75.274019","2a06:c701:49af:6700:cca5:69f0:274a:4fd9","2001:67c:4e8:f004::9","TLSv1.2","273","Application Data"
"7383","75.403766","2a06:c701:49af:6700:cca5:69f0:274a:4fd9","2001:67c:4e8:f004::9","TLSv1.2","628","Application Data"
"7391","75.442441","2001:67c:4e8:f004::9","2a06:c701:49af:6700:cca5:69f0:274a:4fd9","TLSv1.2","187","Application Data"
"7392","75.444745","2a06:c701:49af:6700:cca5:69f0:274a:4fd9","2001:67c:4e8:f004::9","TLSv1.2","273","Application Data"
"7421","75.519705","10.0.0.3","162.159.135.233","QUIC","1292","Initial, DCID=f25468eeae22b3ef, PKN: 1, PADDING, PING, PADDING, PING, PING, PING, PING, PADDING, CRYPTO"
"7427","75.532933","162.159.135.233","10.0.0.3","QUIC","1242","Protected Payload (KP0)"
"7445","75.583346","2001:67c:4e8:f004::9","2a06:c701:49af:6700:cca5:69f0:274a:4fd9","TLSv1.2","714","Application Data"
"7588","76.214248","2a06:c701:49af:6700:cca5:69f0:274a:4fd9","2001:67c:4e8:f004::9","TLSv1.2","337","Application Data"
"7611","76.399560","2001:67c:4e8:f004::9","2a06:c701:49af:6700:cca5:69f0:274a:4fd9","TLSv1.2","445","Application Data"
"7652","76.823984","2a06:c701:49af:6700:cca5:69f0:274a:4fd9","2001:67c:4e8:f004::9","TLSv1.2","273","Application Data"
"7659","76.929078","2001:67c:4e8:f004::9","2a06:c701:49af:6700:cca5:69f0:274a:4fd9","TLSv1.2","187","Application Data"
"7677","77.185692","2a06:c701:49af:6700:cca5:69f0:274a:4fd9","2001:67c:4e8:f004::9","TLSv1.2","273","Application Data"
"7683","77.270431","2a06:c701:49af:6700:cca5:69f0:274a:4fd9","2606:4700:7::a29f:81eb","TLSv1.2","161","Application Data"
"7692","77.340918","2001:67c:4e8:f004::9","2a06:c701:49af:6700:cca5:69f0:274a:4fd9","TLSv1.2","187","Application Data"
"7695","77.343035","2a06:c701:49af:6700:cca5:69f0:274a:4fd9","2001:67c:4e8:f004::9","TLSv1.2","273","Application Data"
"7712","77.486833","2001:67c:4e8:f004::9","2a06:c701:49af:6700:cca5:69f0:274a:4fd9","TLSv1.2","525","Application Data"
"7724","77.570515","2a06:c701:49af:6700:cca5:69f0:274a:4fd9","2001:67c:4e8:f004::9","TLSv1.2","289","Application Data"
"7746","77.733769","2001:67c:4e8:f004::9","2a06:c701:49af:6700:cca5:69f0:274a:4fd9","TLSv1.2","429","Application Data"
"7752","77.771208","2a06:c701:49af:6700:cca5:69f0:274a:4fd9","2001:67c:4e8:f004::9","TLSv1.2","257","Application Data"
"7764","77.867553","2001:67c:4e8:f004::9","2a06:c701:49af:6700:cca5:69f0:274a:4fd9","TLSv1.2","187","Application Data"
"7787","78.032600","162.159.136.234","10.0.0.3","TLSv1.2","98","Application Data"
"7797","78.108506","2a06:c701:49af:6700:cca5:69f0:274a:4fd9","2606:4700:7::a29f:81eb","TLSv1.2","161","Application Data"
"7861","78.544361","2a06:c701:49af:6700:cca5:69f0:274a:4fd9","2606:4700:7::a29f:81eb","TLSv1.2","135","Application Data"
"7862","78.546780","2a06:c701:49af:6700:cca5:69f0:274a:4fd9","2001:67c:4e8:f004::9","TLSv1.2","273","Application Data"
"7865","78.561558","2606:4700:7::a29f:81eb","2a06:c701:49af:6700:cca5:69f0:274a:4fd9","TLSv1.2","131","Application Data"
"7881","78.649830","2001:67c:4e8:f004::9","2a06:c701:49af:6700:cca5:69f0:274a:4fd9","TLSv1.2","187","Application Data"
"7882","78.652094","2a06:c701:49af:6700:cca5:69f0:274a:4fd9","2001:67c:4e8:f004::9","TLSv1.2","273","Application Data"
"7893","78.761870","2001:67c:4e8:f004::9","2a06:c701:49af:6700:cca5:69f0:274a:4fd9","TLSv1.2","509","Application Data"
"7968","79.690443","2a06:c701:49af:6700:cca5:69f0:274a:4fd9","2001:67c:4e8:f004::9","TLSv1.2","321","Application Data"
"7976","79.823999","2a06:c701:49af:6700:cca5:69f0:274a:4fd9","2001:67c:4e8:f004::9","TLSv1.2","207","Application Data"
"7982","79.885928","2001:67c:4e8:f004::9","2a06:c701:49af:6700:cca5:69f0:274a:4fd9","TLSv1.2","461","Application Data"
"7992","79.983547","2001:67c:4e8:f004::9","2a06:c701:49af:6700:cca5:69f0:274a:4fd9","TLSv1.2","187","Application Data"
"8131","80.652664","2a06:c701:49af:6700:cca5:69f0:274a:4fd9","2001:67c:4e8:f004::9","TLSv1.2","273","Application Data"
"8146","80.785142","2001:67c:4e8:f004::9","2a06:c701:49af:6700:cca5:69f0:274a:4fd9","TLSv1.2","187","Application Data"
"8147","80.787330","2a06:c701:49af:6700:cca5:69f0:274a:4fd9","2001:67c:4e8:f004::9","TLSv1.2","273","Application Data"
"8150","80.882579","2a06:c701:49af:6700:cca5:69f0:274a:4fd9","2001:67c:4e8:f004::9","TLSv1.2","191","Application Data"
"8151","80.906185","2001:67c:4e8:f004::9","2a06:c701:49af:6700:cca5:69f0:274a:4fd9","TLSv1.2","525","Application Data"
"8156","80.978808","2001:67c:4e8:f004::9","2a06:c701:49af:6700:cca5:69f0:274a:4fd9","TLSv1.2","187","Application Data"
"8225","81.305425","2a06:c701:49af:6700:cca5:69f0:274a:4fd9","2001:67c:4e8:f004::9","TLSv1.2","305","Application Data"
"8242","81.572572","2001:67c:4e8:f004::9","2a06:c701:49af:6700:cca5:69f0:274a:4fd9","TLSv1.2","445","Application Data"
"8260","81.877072","2a06:c701:49af:6700:cca5:69f0:274a:4fd9","2606:4700:7::a29f:82eb","TLSv1.2","135","Application Data"
"8261","81.897564","2606:4700:7::a29f:82eb","2a06:c701:49af:6700:cca5:69f0:274a:4fd9","TLSv1.2","131","Application Data"
"8287","82.270851","2a06:c701:49af:6700:cca5:69f0:274a:4fd9","2001:67c:4e8:f004::9","TLSv1.2","273","Application Data"
"8294","82.378106","2001:67c:4e8:f004::9","2a06:c701:49af:6700:cca5:69f0:274a:4fd9","TLSv1.2","187","Application Data"
"8295","82.380164","2a06:c701:49af:6700:cca5:69f0:274a:4fd9","2001:67c:4e8:f004::9","TLSv1.2","273","Application Data"
"8298","82.499101","2001:67c:4e8:f004::9","2a06:c701:49af:6700:cca5:69f0:274a:4fd9","TLSv1.2","509","Application Data"
"8325","82.823957","2a06:c701:49af:6700:cca5:69f0:274a:4fd9","2001:67c:4e8:f004::9","TLSv1.2","273","Application Data"
"8331","82.929435","2001:67c:4e8:f004::9","2a06:c701:49af:6700:cca5:69f0:274a:4fd9","TLSv1.2","187","Application Data"
"8340","83.088069","2a06:c701:49af:6700:cca5:69f0:274a:4fd9","2001:67c:4e8:f004::9","TLSv1.2","305","Application Data"
"8368","83.305348","2001:67c:4e8:f004::9","2a06:c701:49af:6700:cca5:69f0:274a:4fd9","TLSv1.2","445","Application Data"
"8387","83.788723","162.159.136.234","10.0.0.3","TLSv1.2","316","Application Data"
"8393","83.994901","2a06:c701:49af:6700:cca5:69f0:274a:4fd9","2001:67c:4e8:f004::9","TLSv1.2","257","Application Data"
"8394","84.047754","2a06:c701:49af:6700:cca5:69f0:274a:4fd9","2001:67c:4e8:f004::9","TLSv1.2","207","Application Data"
"8398","84.090661","2001:67c:4e8:f004::9","2a06:c701:49af:6700:cca5:69f0:274a:4fd9","TLSv1.2","187","Application Data"
"8405","84.190223","2001:67c:4e8:f004::9","2a06:c701:49af:6700:cca5:69f0:274a:4fd9","TLSv1.2","187","Application Data"
"8406","84.192325","2a06:c701:49af:6700:cca5:69f0:274a:4fd9","2001:67c:4e8:f004::9","TLSv1.2","289","Application Data"
"8412","84.340593","2001:67c:4e8:f004::9","2a06:c701:49af:6700:cca5:69f0:274a:4fd9","TLSv1.2","509","Application Data"
"8418","84.436037","2a06:c701:49af:6700:cca5:69f0:274a:4fd9","2001:67c:4e8:f004::9","TLSv1.2","305","Application Data"
"8433","84.684362","2001:67c:4e8:f004::9","2a06:c701:49af:6700:cca5:69f0:274a:4fd9","TLSv1.2","445","Application Data"
"8488","85.391325","2a06:c701:49af:6700:cca5:69f0:274a:4fd9","2001:67c:4e8:f004::9","TLSv1.2","273","Application Data"
"8499","85.497101","2001:67c:4e8:f004::9","2a06:c701:49af:6700:cca5:69f0:274a:4fd9","TLSv1.2","187","Application Data"
"8500","85.499329","2a06:c701:49af:6700:cca5:69f0:274a:4fd9","2001:67c:4e8:f004::9","TLSv1.2","273","Application Data"
"8510","85.632614","2001:67c:4e8:f004::9","2a06:c701:49af:6700:cca5:69f0:274a:4fd9","TLSv1.2","509","Application Data"
"8516","85.821713","2a06:c701:49af:6700:cca5:69f0:274a:4fd9","2001:67c:4e8:f004::9","TLSv1.2","273","Application Data"
"8530","86.000341","2001:67c:4e8:f004::9","2a06:c701:49af:6700:cca5:69f0:274a:4fd9","TLSv1.2","187","Application Data"
"8552","86.500912","2a06:c701:49af:6700:cca5:69f0:274a:4fd9","2001:67c:4e8:f004::9","TLSv1.2","321","Application Data"
"8560","86.672073","2001:67c:4e8:f004::9","2a06:c701:49af:6700:cca5:69f0:274a:4fd9","TLSv1.2","461","Application Data"
"8583","87.094267","2a06:c701:49af:6700:cca5:69f0:274a:4fd9","2001:67c:4e8:f004::9","TLSv1.2","257","Application Data"
"8594","87.194212","2001:67c:4e8:f004::9","2a06:c701:49af:6700:cca5:69f0:274a:4fd9","TLSv1.2","187","Application Data"
"8619","87.463440","2a06:c701:49af:6700:cca5:69f0:274a:4fd9","2001:67c:4e8:f004::9","TLSv1.2","273","Application Data"
"8624","87.574379","2001:67c:4e8:f004::9","2a06:c701:49af:6700:cca5:69f0:274a:4fd9","TLSv1.2","187","Application Data"
"8625","87.576314","2a06:c701:49af:6700:cca5:69f0:274a:4fd9","2001:67c:4e8:f004::9","TLSv1.2","273","Application Data"
"8630","87.697826","2001:67c:4e8:f004::9","2a06:c701:49af:6700:cca5:69f0:274a:4fd9","TLSv1.2","525","Application Data"
"8634","87.800760","2a06:c701:49af:6700:cca5:69f0:274a:4fd9","2600:1901:1:e52::","TLSv1.2","117","Application Data"
"8636","87.804276","2a06:c701:49af:6700:cca5:69f0:274a:4fd9","2001:67c:4e8:f004::9","TLSv1.2","241","Application Data"
"8638","87.870878","2600:1901:1:e52::","2a06:c701:49af:6700:cca5:69f0:274a:4fd9","TLSv1.2","114","Application Data"
"8651","87.922830","2001:67c:4e8:f004::9","2a06:c701:49af:6700:cca5:69f0:274a:4fd9","TLSv1.2","187","Application Data"
"8660","88.192676","2a06:c701:49af:6700:cca5:69f0:274a:4fd9","2001:67c:4e8:f004::9","TLSv1.2","273","Application Data"
"8666","88.297314","2001:67c:4e8:f004::9","2a06:c701:49af:6700:cca5:69f0:274a:4fd9","TLSv1.2","219","Application Data"
"8698","88.826966","2a06:c701:49af:6700:cca5:69f0:274a:4fd9","2001:67c:4e8:f004::9","TLSv1.2","241","Application Data"
"8705","88.899461","2a06:c701:49af:6700:cca5:69f0:274a:4fd9","2001:67c:4e8:f004::9","TLSv1.2","207","Application Data"
"8708","88.971239","2001:67c:4e8:f004::9","2a06:c701:49af:6700:cca5:69f0:274a:4fd9","TLSv1.2","187","Application Data"
"8713","89.028175","2001:67c:4e8:f004::9","2a06:c701:49af:6700:cca5:69f0:274a:4fd9","TLSv1.2","187","Application Data"
"8741","89.294314","2a06:c701:49af:6700:cca5:69f0:274a:4fd9","2001:67c:4e8:f004::9","TLSv1.3","1506","Application Data [TCP segment of a reassembled PDU]"
"8752","89.294314","2a06:c701:49af:6700:cca5:69f0:274a:4fd9","2001:67c:4e8:f004::9","TLSv1.3","1382","Application Data"
"8764","89.294521","2a06:c701:49af:6700:cca5:69f0:274a:4fd9","2001:67c:4e8:f004::9","TLSv1.3","1506","Application Data [TCP segment of a reassembled PDU]"
"8775","89.294521","2a06:c701:49af:6700:cca5:69f0:274a:4fd9","2001:67c:4e8:f004::9","TLSv1.3","1506","Application Data [TCP segment of a reassembled PDU]"
"8787","89.294521","2a06:c701:49af:6700:cca5:69f0:274a:4fd9","2001:67c:4e8:f004::9","TLSv1.3","1506","Application Data [TCP segment of a reassembled PDU]"
"8798","89.294521","2a06:c701:49af:6700:cca5:69f0:274a:4fd9","2001:67c:4e8:f004::9","TLSv1.3","1506","Application Data [TCP segment of a reassembled PDU]"
"8821","89.314317","10.0.0.3","149.154.167.99","TLSv1.3","488","Application Data"
"8833","89.314419","10.0.0.3","149.154.167.99","TLSv1.3","1506","Application Data [TCP segment of a reassembled PDU]"
"8844","89.314419","10.0.0.3","149.154.167.99","TLSv1.3","1506","Application Data [TCP segment of a reassembled PDU]"
"8853","89.314419","10.0.0.3","149.154.167.99","TLSv1.3","1048","Application Data"
"8866","89.314779","10.0.0.3","149.154.167.99","TLSv1.3","488","Application Data"
"8883","89.391046","2a06:c701:49af:6700:cca5:69f0:274a:4fd9","2001:67c:4e8:f004::9","TLSv1.3","1506","Application Data [TCP segment of a reassembled PDU]"
"8896","89.405735","2a06:c701:49af:6700:cca5:69f0:274a:4fd9","2001:67c:4e8:f004::9","TLSv1.3","1506","Application Data [TCP segment of a reassembled PDU]"
"8904","89.414908","2a06:c701:49af:6700:cca5:69f0:274a:4fd9","2001:67c:4e8:f004::9","TLSv1.3","1364","Application Data, Application Data"
"8966","89.581904","10.0.0.3","149.154.167.99","TLSv1.3","488","Application Data"
"8979","89.612142","10.0.0.3","149.154.167.99","TLSv1.3","716","Application Data"
"9013","89.839974","10.0.0.3","149.154.167.99","TLSv1.3","691","Client Hello"
"9014","89.840623","2001:67c:4e8:f004::9","2a06:c701:49af:6700:cca5:69f0:274a:4fd9","TLSv1.3","187","Application Data"
"9018","89.873354","149.154.167.99","10.0.0.3","TLSv1.3","167","Application Data"
"9023","89.924717","149.154.167.99","10.0.0.3","TLSv1.3","1294","Server Hello, Change Cipher Spec, Application Data"
"9030","89.928847","149.154.167.99","10.0.0.3","TLSv1.3","420","Application Data, Application Data, Application Data"
"9032","89.930588","10.0.0.3","149.154.167.99","TLSv1.3","134","Change Cipher Spec, Application Data"
"9033","89.931444","10.0.0.3","149.154.167.99","TLSv1.3","630","Application Data"
"9047","90.008325","149.154.167.99","10.0.0.3","TLSv1.3","357","Application Data"
"9048","90.008325","149.154.167.99","10.0.0.3","TLSv1.3","357","Application Data"
"9050","90.009407","149.154.167.99","10.0.0.3","TLSv1.3","296","Application Data"
"9051","90.012114","10.0.0.3","149.154.167.99","TLSv1.3","146","Application Data"
"9053","90.012853","10.0.0.3","149.154.167.99","TLSv1.3","532","Application Data"
"9057","90.092467","149.154.167.99","10.0.0.3","TLSv1.3","183","Application Data"
"9059","90.095003","10.0.0.3","149.154.167.99","TLSv1.3","596","Application Data"
"9061","90.174446","149.154.167.99","10.0.0.3","TLSv1.3","249","Application Data"
"9062","90.178673","149.154.167.99","10.0.0.3","TLSv1.3","167","Application Data"
"9064","90.181062","2a06:c701:49af:6700:cca5:69f0:274a:4fd9","2001:67c:4e8:f004::9","TLSv1.2","401","Application Data"
"9065","90.211386","2a06:c701:49af:6700:cca5:69f0:274a:4fd9","2001:67c:4e8:f004::9","TLSv1.2","191","Application Data"
"9067","90.270446","2a06:c701:49af:6700:cca5:69f0:274a:4fd9","2001:67c:4e8:f004::9","TLSv1.2","207","Application Data"
"9069","90.306881","2001:67c:4e8:f004::9","2a06:c701:49af:6700:cca5:69f0:274a:4fd9","TLSv1.2","253","Application Data"
"9075","90.383141","2001:67c:4e8:f004::9","2a06:c701:49af:6700:cca5:69f0:274a:4fd9","TLSv1.2","187","Application Data"
"9076","90.385339","2a06:c701:49af:6700:cca5:69f0:274a:4fd9","2001:67c:4e8:f004::9","TLSv1.2","289","Application Data"
"9079","90.408868","2a06:c701:49af:6700:cca5:69f0:274a:4fd9","2001:67c:4e8:f004::9","TLSv1.2","644","Application Data"
"9084","90.449434","2001:67c:4e8:f004::9","2a06:c701:49af:6700:cca5:69f0:274a:4fd9","TLSv1.2","768","Application Data"
"9087","90.493683","2001:67c:4e8:f004::9","2a06:c701:49af:6700:cca5:69f0:274a:4fd9","TLSv1.2","848","Application Data"
"9088","90.531323","2001:67c:4e8:f004::9","2a06:c701:49af:6700:cca5:69f0:274a:4fd9","TLSv1.2","253","Application Data"
"9093","90.747118","2a06:c701:49af:6700:cca5:69f0:274a:4fd9","2001:67c:4e8:f004::9","TLSv1.3","321","Application Data"
"9111","90.936889","2001:67c:4e8:f004::9","2a06:c701:49af:6700:cca5:69f0:274a:4fd9","TLSv1.3","1506","Application Data [TCP segment of a reassembled PDU]"
"9114","90.937090","2001:67c:4e8:f004::9","2a06:c701:49af:6700:cca5:69f0:274a:4fd9","TLSv1.3","270","Application Data"
"9138","91.239970","2a06:c701:49af:6700:cca5:69f0:274a:4fd9","2001:67c:4e8:f004::9","TLSv1.2","289","Application Data"
"9152","91.391396","2001:67c:4e8:f004::9","2a06:c701:49af:6700:cca5:69f0:274a:4fd9","TLSv1.2","187","Application Data"
"9153","91.393497","2a06:c701:49af:6700:cca5:69f0:274a:4fd9","2001:67c:4e8:f004::9","TLSv1.2","273","Application Data"
"9161","91.533936","2001:67c:4e8:f004::9","2a06:c701:49af:6700:cca5:69f0:274a:4fd9","TLSv1.2","848","Application Data"
"9194","91.821633","2a06:c701:49af:6700:cca5:69f0:274a:4fd9","2001:67c:4e8:f004::9","TLSv1.2","273","Application Data"
"9204","91.923559","2001:67c:4e8:f004::9","2a06:c701:49af:6700:cca5:69f0:274a:4fd9","TLSv1.2","187","Application Data"
"9245","92.241458","2a06:c701:49af:6700:cca5:69f0:274a:4fd9","2001:67c:4e8:f004::9","TLSv1.2","305","Application Data"
"9249","92.295614","2a06:c701:49af:6700:cca5:69f0:274a:4fd9","2606:4700:7::a29f:81eb","TLSv1.2","135","Application Data"
"9253","92.311466","2606:4700:7::a29f:81eb","2a06:c701:49af:6700:cca5:69f0:274a:4fd9","TLSv1.2","131","Application Data"
"9269","92.406936","10.0.0.3","162.159.136.234","TLSv1.2","108","Application Data"
"9276","92.447382","2001:67c:4e8:f004::9","2a06:c701:49af:6700:cca5:69f0:274a:4fd9","TLSv1.2","445","Application Data"
"9282","92.490585","2a06:c701:49af:6700:cca5:69f0:274a:4fd9","2606:4700:7::a29f:81eb","TLSv1.2","161","Application Data"
"9307","92.567170","162.159.136.234","10.0.0.3","TLSv1.2","87","Application Data"
"9330","92.596108","2a06:c701:49af:6700:cca5:69f0:274a:4fd9","2a02:26f0:8000::48f6:9799","TLSv1.2","260","Client Hello"
"9336","92.605855","2a02:26f0:8000::48f6:9799","2a06:c701:49af:6700:cca5:69f0:274a:4fd9","TLSv1.2","1506","Server Hello"
"9339","92.607116","2a02:26f0:8000::48f6:9799","2a06:c701:49af:6700:cca5:69f0:274a:4fd9","TLSv1.2","1306","Certificate [TCP segment of a reassembled PDU]"
"9340","92.607116","2a02:26f0:8000::48f6:9799","2a06:c701:49af:6700:cca5:69f0:274a:4fd9","TLSv1.2","657","Certificate Status, Server Key Exchange, Server Hello Done"
"9342","92.609821","2a06:c701:49af:6700:cca5:69f0:274a:4fd9","2a02:26f0:8000::48f6:9799","TLSv1.2","200","Client Key Exchange, Change Cipher Spec, Encrypted Handshake Message"
"9349","92.626077","2a02:26f0:8000::48f6:9799","2a06:c701:49af:6700:cca5:69f0:274a:4fd9","TLSv1.2","332","New Session Ticket, Change Cipher Spec, Encrypted Handshake Message"
"9351","92.627399","2a06:c701:49af:6700:cca5:69f0:274a:4fd9","2a02:26f0:8000::48f6:9799","TLSv1.2","292","Application Data"
"9355","92.640387","2a02:26f0:8000::48f6:9799","2a06:c701:49af:6700:cca5:69f0:274a:4fd9","TLSv1.2","1506","[TCP Previous segment not captured] , Ignored Unknown Record"
"9358","92.640858","2a02:26f0:8000::48f6:9799","2a06:c701:49af:6700:cca5:69f0:274a:4fd9","TLSv1.2","1506","Ignored Unknown Record"
"9360","92.641107","2a02:26f0:8000::48f6:9799","2a06:c701:49af:6700:cca5:69f0:274a:4fd9","TLSv1.2","1506","Ignored Unknown Record"
"9361","92.641107","2a02:26f0:8000::48f6:9799","2a06:c701:49af:6700:cca5:69f0:274a:4fd9","TLSv1.2","1506","Ignored Unknown Record"
"9363","92.641345","2a02:26f0:8000::48f6:9799","2a06:c701:49af:6700:cca5:69f0:274a:4fd9","TLSv1.2","1506","Ignored Unknown Record"
"9365","92.641692","2a02:26f0:8000::48f6:9799","2a06:c701:49af:6700:cca5:69f0:274a:4fd9","TLSv1.2","1506","Ignored Unknown Record"
"9367","92.642185","2a02:26f0:8000::48f6:9799","2a06:c701:49af:6700:cca5:69f0:274a:4fd9","TLSv1.2","1506","Ignored Unknown Record"
"9368","92.642362","2a02:26f0:8000::48f6:9799","2a06:c701:49af:6700:cca5:69f0:274a:4fd9","TLSv1.2","1506","Ignored Unknown Record"
"9369","92.642362","2a02:26f0:8000::48f6:9799","2a06:c701:49af:6700:cca5:69f0:274a:4fd9","TLSv1.2","1506","Ignored Unknown Record"
"9371","92.642579","2a02:26f0:8000::48f6:9799","2a06:c701:49af:6700:cca5:69f0:274a:4fd9","TLSv1.2","1506","Ignored Unknown Record"
"9373","92.643182","2a02:26f0:8000::48f6:9799","2a06:c701:49af:6700:cca5:69f0:274a:4fd9","TLSv1.2","1506","Ignored Unknown Record"
"9374","92.643404","2a02:26f0:8000::48f6:9799","2a06:c701:49af:6700:cca5:69f0:274a:4fd9","TLSv1.2","1506","Ignored Unknown Record"
"9376","92.643579","2a02:26f0:8000::48f6:9799","2a06:c701:49af:6700:cca5:69f0:274a:4fd9","TLSv1.2","1506","Ignored Unknown Record"
"9377","92.643614","2a02:26f0:8000::48f6:9799","2a06:c701:49af:6700:cca5:69f0:274a:4fd9","TLSv1.2","1506","Ignored Unknown Record"
"9379","92.643827","2a02:26f0:8000::48f6:9799","2a06:c701:49af:6700:cca5:69f0:274a:4fd9","TLSv1.2","1506","Ignored Unknown Record"
"9380","92.647910","2a02:26f0:8000::48f6:9799","2a06:c701:49af:6700:cca5:69f0:274a:4fd9","TLSv1.2","1506","Ignored Unknown Record"
"9382","92.648452","2a02:26f0:8000::48f6:9799","2a06:c701:49af:6700:cca5:69f0:274a:4fd9","TLSv1.2","1476","Ignored Unknown Record"
"9386","92.649210","2a06:c701:49af:6700:cca5:69f0:274a:4fd9","2a02:26f0:8000::48f6:9799","TLSv1.2","105","Encrypted Alert"
"9447","93.207687","2a06:c701:49af:6700:cca5:69f0:274a:4fd9","2001:67c:4e8:f004::9","TLSv1.2","273","Application Data"
"9450","93.248425","162.159.136.234","10.0.0.3","TLSv1.2","211","Application Data"
"9461","93.313167","2001:67c:4e8:f004::9","2a06:c701:49af:6700:cca5:69f0:274a:4fd9","TLSv1.2","187","Application Data"
"9462","93.314522","2a06:c701:49af:6700:cca5:69f0:274a:4fd9","2001:67c:4e8:f004::9","TLSv1.2","191","Application Data"
"9463","93.315047","2a06:c701:49af:6700:cca5:69f0:274a:4fd9","2001:67c:4e8:f004::9","TLSv1.2","273","Application Data"
"9466","93.335908","2a06:c701:49af:6700:cca5:69f0:274a:4fd9","2001:67c:4e8:f004::9","TLSv1.2","241","Application Data"
"9476","93.418128","2001:67c:4e8:f004::9","2a06:c701:49af:6700:cca5:69f0:274a:4fd9","TLSv1.2","187","Application Data"
"9479","93.428306","2001:67c:4e8:f004::9","2a06:c701:49af:6700:cca5:69f0:274a:4fd9","TLSv1.2","509","Application Data"
"9488","93.497070","2001:67c:4e8:f004::9","2a06:c701:49af:6700:cca5:69f0:274a:4fd9","TLSv1.2","429","Application Data"
"9545","93.878544","2a06:c701:49af:6700:cca5:69f0:274a:4fd9","2606:4700:7::a29f:81eb","TLSv1.2","161","Application Data"
"9548","93.882044","10.0.0.3","72.25.64.32","TLSv1.2","258","Client Hello"
"9584","94.099087","72.25.64.32","10.0.0.3","TLSv1.2","347","Server Hello, Certificate"
"9586","94.099456","72.25.64.32","10.0.0.3","TLSv1.2","396","Server Key Exchange, Server Hello Done"
"9587","94.100457","10.0.0.3","72.25.64.32","TLSv1.2","236","Client Key Exchange, Change Cipher Spec, Encrypted Handshake Message"
"9605","94.301532","2a06:c701:49af:6700:cca5:69f0:274a:4fd9","2001:67c:4e8:f004::9","TLSv1.2","289","Application Data"
"9606","94.307148","72.25.64.32","10.0.0.3","TLSv1.2","60","Change Cipher Spec"
"9607","94.307355","72.25.64.32","10.0.0.3","TLSv1.2","155","Encrypted Handshake Message"
"9609","94.308166","10.0.0.3","72.25.64.32","TLSv1.2","331","Application Data"
"9610","94.308179","10.0.0.3","72.25.64.32","TLSv1.2","779","Application Data"
"9634","94.408325","2001:67c:4e8:f004::9","2a06:c701:49af:6700:cca5:69f0:274a:4fd9","TLSv1.2","187","Application Data"
"9635","94.410218","2a06:c701:49af:6700:cca5:69f0:274a:4fd9","2001:67c:4e8:f004::9","TLSv1.2","273","Application Data"
"9643","94.515850","72.25.64.32","10.0.0.3","TLSv1.2","443","Application Data"
"9644","94.516053","72.25.64.32","10.0.0.3","TLSv1.2","139","Encrypted Alert"
"9646","94.516365","10.0.0.3","72.25.64.32","TLSv1.2","139","Encrypted Alert"
"9650","94.549435","2001:67c:4e8:f004::9","2a06:c701:49af:6700:cca5:69f0:274a:4fd9","TLSv1.2","509","Application Data"
"9677","94.821884","2a06:c701:49af:6700:cca5:69f0:274a:4fd9","2001:67c:4e8:f004::9","TLSv1.2","273","Application Data"
"9679","94.926003","2001:67c:4e8:f004::9","2a06:c701:49af:6700:cca5:69f0:274a:4fd9","TLSv1.2","187","Application Data"
"9689","95.077055","2a06:c701:49af:6700:cca5:69f0:274a:4fd9","2001:67c:4e8:f004::9","TLSv1.2","305","Application Data"
"9700","95.247579","2001:67c:4e8:f004::9","2a06:c701:49af:6700:cca5:69f0:274a:4fd9","TLSv1.2","445","Application Data"
"9720","95.627924","2a06:c701:49af:6700:cca5:69f0:274a:4fd9","2606:4700:7::a29f:82eb","TLSv1.2","135","Application Data"
"9721","95.630460","2a06:c701:49af:6700:cca5:69f0:274a:4fd9","2606:4700:7::a29f:81eb","TLSv1.2","161","Application Data"
"9724","95.638178","2606:4700:7::a29f:82eb","2a06:c701:49af:6700:cca5:69f0:274a:4fd9","TLSv1.2","131","Application Data"
"9776","96.043969","2a06:c701:49af:6700:cca5:69f0:274a:4fd9","2001:67c:4e8:f004::9","TLSv1.2","273","Application Data"
"9787","96.147916","2001:67c:4e8:f004::9","2a06:c701:49af:6700:cca5:69f0:274a:4fd9","TLSv1.2","187","Application Data"
"9788","96.149831","2a06:c701:49af:6700:cca5:69f0:274a:4fd9","2001:67c:4e8:f004::9","TLSv1.2","273","Application Data"
"9811","96.258756","2001:67c:4e8:f004::9","2a06:c701:49af:6700:cca5:69f0:274a:4fd9","TLSv1.2","509","Application Data"
"9819","96.325257","2a06:c701:49af:6700:cca5:69f0:274a:4fd9","2001:67c:4e8:f004::9","TLSv1.2","289","Application Data"
"9830","96.431038","2a06:c701:49af:6700:cca5:69f0:274a:4fd9","2001:67c:4e8:f004::9","TLSv1.2","191","Application Data"
"9837","96.512375","2001:67c:4e8:f004::9","2a06:c701:49af:6700:cca5:69f0:274a:4fd9","TLSv1.2","429","Application Data"
"9843","96.579710","2001:67c:4e8:f004::9","2a06:c701:49af:6700:cca5:69f0:274a:4fd9","TLSv1.2","187","Application Data"
"9868","96.764320","2a06:c701:49af:6700:cca5:69f0:274a:4fd9","2606:4700:7::a29f:81eb","TLSv1.2","161","Application Data"
"9907","97.003641","2a06:c701:49af:6700:cca5:69f0:274a:4fd9","2606:4700:7::a29f:81eb","TLSv1.2","161","Application Data"
"9939","97.289080","2a06:c701:49af:6700:cca5:69f0:274a:4fd9","2001:67c:4e8:f004::9","TLSv1.2","273","Application Data"
"9953","97.408006","149.154.167.99","10.0.0.3","TLSv1.2","93","Application Data"
"9954","97.408189","149.154.167.99","10.0.0.3","TLSv1.2","78","Application Data"
"9956","97.408320","2001:67c:4e8:f004::9","2a06:c701:49af:6700:cca5:69f0:274a:4fd9","TLSv1.2","187","Application Data"
"9960","97.410641","2a06:c701:49af:6700:cca5:69f0:274a:4fd9","2001:67c:4e8:f004::9","TLSv1.2","273","Application Data"
"9974","97.513519","2a06:c701:49af:6700:cca5:69f0:274a:4fd9","2606:4700:7::a29f:81eb","TLSv1.2","161","Application Data"
"9976","97.521412","2a06:c701:49af:6700:cca5:69f0:274a:4fd9","2001:67c:4e8:f004::9","TLSv1.2","191","Application Data"
"9979","97.528079","2001:67c:4e8:f004::9","2a06:c701:49af:6700:cca5:69f0:274a:4fd9","TLSv1.2","509","Application Data"
"9984","97.566660","2a06:c701:49af:6700:cca5:69f0:274a:4fd9","2606:4700:7::a29f:81eb","TLSv1.2","161","Application Data"
"9996","97.646166","2001:67c:4e8:f004::9","2a06:c701:49af:6700:cca5:69f0:274a:4fd9","TLSv1.2","187","Application Data"
"10010","97.822333","2a06:c701:49af:6700:cca5:69f0:274a:4fd9","2001:67c:4e8:f004::9","TLSv1.2","289","Application Data"
"10037","97.926249","2001:67c:4e8:f004::9","2a06:c701:49af:6700:cca5:69f0:274a:4fd9","TLSv1.2","187","Application Data"
"10087","98.202156","2a06:c701:49af:6700:cca5:69f0:274a:4fd9","2606:4700:7::a29f:81eb","TLSv1.2","161","Application Data"
